[28May2025 01:52:54.804] [main/INFO] [cpw.mods.modlauncher.Launcher/MODLAUNCHER]: ModLauncher running: args [--launchTarget, forgeserver, --fml.forgeVersion, 43.5.0, --fml.mcVersion, 1.19.2, --fml.forgeGroup, net.minecraftforge, --fml.mcpVersion, 20220805.130853]
[28May2025 01:52:54.805] [main/INFO] [cpw.mods.modlauncher.Launcher/MODLAUNCHER]: ModLauncher 10.0.8+10.0.8+main.0ef7e830 starting: java version 24.0.1 by Oracle Corporation; OS Mac OS X arch aarch64 version 15.1
[28May2025 01:52:54.812] [main/DEBUG] [cpw.mods.modlauncher.LaunchServiceHandler/MODLAUNCHER]: Found launch services [fmlclientdev,forgeclient,minecraft,forgegametestserverdev,fmlserveruserdev,fmlclient,fmldatauserdev,forgeserverdev,forgeserveruserdev,forgeclientdev,forgeclientuserdev,forgeserver,forgedatadev,fmlserver,fmlclientuserdev,fmlserverdev,forgedatauserdev,testharness,forgegametestserveruserdev]
[28May2025 01:52:54.817] [main/DEBUG] [cpw.mods.modlauncher.NameMappingServiceHandler/MODLAUNCHER]: Found naming services : [srgtomcp]
[28May2025 01:52:54.821] [main/DEBUG] [cpw.mods.modlauncher.LaunchPluginHandler/MODLAUNCHER]: Found launch plugins: [mixin,eventbus,slf4jfixer,object_holder_definalize,runtime_enum_extender,capability_token_subclass,accesstransformer,runtimedistcleaner]
[28May2025 01:52:54.824] [main/DEBUG] [cpw.mods.modlauncher.TransformationServicesHandler/MODLAUNCHER]: Discovering transformation services
[28May2025 01:52:54.848] [main/DEBUG] [cpw.mods.modlauncher.TransformationServicesHandler/MODLAUNCHER]: Found additional transformation services from discovery services: 
[28May2025 01:52:54.852] [main/DEBUG] [cpw.mods.modlauncher.TransformationServicesHandler/MODLAUNCHER]: Found transformer services : [mixin,fml]
[28May2025 01:52:54.852] [main/DEBUG] [cpw.mods.modlauncher.TransformationServicesHandler/MODLAUNCHER]: Transformation services loading
[28May2025 01:52:54.852] [main/DEBUG] [cpw.mods.modlauncher.TransformationServiceDecorator/MODLAUNCHER]: Loading service mixin
[28May2025 01:52:54.852] [main/DEBUG] [cpw.mods.modlauncher.TransformationServiceDecorator/MODLAUNCHER]: Loaded service mixin
[28May2025 01:52:54.852] [main/DEBUG] [cpw.mods.modlauncher.TransformationServiceDecorator/MODLAUNCHER]: Loading service fml
[28May2025 01:52:54.853] [main/DEBUG] [net.minecraftforge.fml.loading.LauncherVersion/CORE]: Found FMLLauncher version 1.0
[28May2025 01:52:54.853] [main/DEBUG] [net.minecraftforge.fml.loading.FMLLoader/CORE]: FML 1.0 loading
[28May2025 01:52:54.853] [main/DEBUG] [net.minecraftforge.fml.loading.FMLLoader/CORE]: FML found ModLauncher version : 10.0.8+10.0.8+main.0ef7e830
[28May2025 01:52:54.853] [main/DEBUG] [net.minecraftforge.fml.loading.FMLLoader/CORE]: Requesting CoreMods to not apply the fix for ASMAPI.findFirstInstructionBefore by default
[28May2025 01:52:54.853] [main/DEBUG] [net.minecraftforge.fml.loading.FMLLoader/CORE]: FML found AccessTransformer version : 8.0.4+66+master.c09db6d7
[28May2025 01:52:54.853] [main/DEBUG] [net.minecraftforge.fml.loading.FMLLoader/CORE]: FML found EventBus version : 6.0.3+6.0.3+master.039e4ea9
[28May2025 01:52:54.854] [main/DEBUG] [net.minecraftforge.fml.loading.FMLLoader/CORE]: Found Runtime Dist Cleaner
[28May2025 01:52:54.854] [main/DEBUG] [net.minecraftforge.coremod.CoreModEngine/]: CoreMods will preserve legacy behavior of ASMAPI.findFirstInstructionBefore for backwards-compatibility
[28May2025 01:52:54.854] [main/DEBUG] [net.minecraftforge.fml.loading.FMLLoader/CORE]: FML found CoreMod version : 5.2.4
[28May2025 01:52:54.854] [main/DEBUG] [net.minecraftforge.fml.loading.FMLLoader/CORE]: Found ForgeSPI package implementation version 6.0.0+6.0.0+master.42474703
[28May2025 01:52:54.854] [main/DEBUG] [net.minecraftforge.fml.loading.FMLLoader/CORE]: Found ForgeSPI package specification 5
[28May2025 01:52:54.855] [main/DEBUG] [cpw.mods.modlauncher.TransformationServiceDecorator/MODLAUNCHER]: Loaded service fml
[28May2025 01:52:54.855] [main/DEBUG] [cpw.mods.modlauncher.TransformationServicesHandler/MODLAUNCHER]: Configuring option handling for services
[28May2025 01:52:54.857] [main/DEBUG] [cpw.mods.modlauncher.TransformationServicesHandler/MODLAUNCHER]: Transformation services initializing
[28May2025 01:52:54.857] [main/DEBUG] [cpw.mods.modlauncher.TransformationServiceDecorator/MODLAUNCHER]: Initializing transformation service mixin
[28May2025 01:52:54.860] [main/DEBUG] [mixin/]: MixinService [ModLauncher] was successfully booted in cpw.mods.cl.ModuleClassLoader@17d677df
[28May2025 01:52:54.865] [main/INFO] [mixin/]: SpongePowered MIXIN Subsystem Version=0.8.5 Source=union:/Users/anmolu/GitHub/AHHHH/libraries/org/spongepowered/mixin/0.8.5/mixin-0.8.5.jar%2364!/ Service=ModLauncher Env=SERVER
[28May2025 01:52:54.866] [main/DEBUG] [mixin/]: Initialising Mixin Platform Manager
[28May2025 01:52:54.866] [main/DEBUG] [mixin/]: Adding mixin platform agents for container ModLauncher Root Container(ModLauncher:4f56a0a2)
[28May2025 01:52:54.866] [main/DEBUG] [mixin/]: Instancing new MixinPlatformAgentMinecraftForge for ModLauncher Root Container(ModLauncher:4f56a0a2)
[28May2025 01:52:54.866] [main/DEBUG] [mixin/]: MixinPlatformAgentMinecraftForge rejected container ModLauncher Root Container(ModLauncher:4f56a0a2)
[28May2025 01:52:54.866] [main/DEBUG] [mixin/]: Instancing new MixinPlatformAgentDefault for ModLauncher Root Container(ModLauncher:4f56a0a2)
[28May2025 01:52:54.867] [main/DEBUG] [mixin/]: MixinPlatformAgentDefault accepted container ModLauncher Root Container(ModLauncher:4f56a0a2)
[28May2025 01:52:54.867] [main/DEBUG] [cpw.mods.modlauncher.TransformationServiceDecorator/MODLAUNCHER]: Initialized transformation service mixin
[28May2025 01:52:54.867] [main/DEBUG] [cpw.mods.modlauncher.TransformationServiceDecorator/MODLAUNCHER]: Initializing transformation service fml
[28May2025 01:52:54.867] [main/DEBUG] [net.minecraftforge.fml.loading.FMLServiceProvider/CORE]: Setting up basic FML game directories
[28May2025 01:52:54.868] [main/DEBUG] [net.minecraftforge.fml.loading.FileUtils/CORE]: Found existing GAMEDIR directory : /Users/anmolu/GitHub/AHHHH
[28May2025 01:52:54.868] [main/DEBUG] [net.minecraftforge.fml.loading.FMLPaths/CORE]: Path GAMEDIR is /Users/anmolu/GitHub/AHHHH
[28May2025 01:52:54.868] [main/DEBUG] [net.minecraftforge.fml.loading.FileUtils/CORE]: Found existing MODSDIR directory : /Users/anmolu/GitHub/AHHHH/mods
[28May2025 01:52:54.868] [main/DEBUG] [net.minecraftforge.fml.loading.FMLPaths/CORE]: Path MODSDIR is /Users/anmolu/GitHub/AHHHH/mods
[28May2025 01:52:54.868] [main/DEBUG] [net.minecraftforge.fml.loading.FileUtils/CORE]: Found existing CONFIGDIR directory : /Users/anmolu/GitHub/AHHHH/config
[28May2025 01:52:54.868] [main/DEBUG] [net.minecraftforge.fml.loading.FMLPaths/CORE]: Path CONFIGDIR is /Users/anmolu/GitHub/AHHHH/config
[28May2025 01:52:54.868] [main/DEBUG] [net.minecraftforge.fml.loading.FMLPaths/CORE]: Path FMLCONFIG is /Users/anmolu/GitHub/AHHHH/config/fml.toml
[28May2025 01:52:54.868] [main/DEBUG] [net.minecraftforge.fml.loading.FMLServiceProvider/CORE]: Loading configuration
[28May2025 01:52:54.880] [main/DEBUG] [net.minecraftforge.fml.loading.FileUtils/CORE]: Found existing default config directory directory : /Users/anmolu/GitHub/AHHHH/defaultconfigs
[28May2025 01:52:54.880] [main/DEBUG] [net.minecraftforge.fml.loading.FMLServiceProvider/CORE]: Preparing ModFile
[28May2025 01:52:54.881] [main/DEBUG] [net.minecraftforge.fml.loading.FMLServiceProvider/CORE]: Preparing launch handler
[28May2025 01:52:54.881] [main/DEBUG] [net.minecraftforge.fml.loading.FMLLoader/CORE]: Using forgeserver as launch service
[28May2025 01:52:54.885] [main/DEBUG] [net.minecraftforge.fml.loading.FMLLoader/CORE]: Received command line version data  : VersionInfo[forgeVersion=43.5.0, mcVersion=1.19.2, mcpVersion=20220805.130853, forgeGroup=net.minecraftforge]
[28May2025 01:52:54.886] [main/DEBUG] [cpw.mods.modlauncher.TransformationServiceDecorator/MODLAUNCHER]: Initialized transformation service fml
[28May2025 01:52:54.886] [main/DEBUG] [cpw.mods.modlauncher.NameMappingServiceHandler/MODLAUNCHER]: Current naming domain is 'srg'
[28May2025 01:52:54.886] [main/DEBUG] [cpw.mods.modlauncher.NameMappingServiceHandler/MODLAUNCHER]: Identified name mapping providers {}
[28May2025 01:52:54.886] [main/DEBUG] [cpw.mods.modlauncher.TransformationServicesHandler/MODLAUNCHER]: Transformation services begin scanning
[28May2025 01:52:54.887] [main/DEBUG] [cpw.mods.modlauncher.TransformationServiceDecorator/MODLAUNCHER]: Beginning scan trigger - transformation service mixin
[28May2025 01:52:54.887] [main/DEBUG] [cpw.mods.modlauncher.TransformationServiceDecorator/MODLAUNCHER]: End scan trigger - transformation service mixin
[28May2025 01:52:54.887] [main/DEBUG] [cpw.mods.modlauncher.TransformationServiceDecorator/MODLAUNCHER]: Beginning scan trigger - transformation service fml
[28May2025 01:52:54.887] [main/DEBUG] [net.minecraftforge.fml.loading.FMLServiceProvider/CORE]: Initiating mod scan
[28May2025 01:52:54.890] [main/DEBUG] [net.minecraftforge.fml.loading.moddiscovery.ModListHandler/CORE]: Found mod coordinates from lists: []
[28May2025 01:52:54.891] [main/DEBUG] [net.minecraftforge.fml.loading.moddiscovery.ModDiscoverer/CORE]: Found Mod Locators : (mods folder:null),(maven libs:null),(exploded directory:null),(minecraft:null),(userdev classpath:null)
[28May2025 01:52:54.891] [main/DEBUG] [net.minecraftforge.fml.loading.moddiscovery.ModDiscoverer/CORE]: Found Dependency Locators : (JarInJar:null)
[28May2025 01:52:54.893] [main/DEBUG] [net.minecraftforge.fml.loading.moddiscovery.ModFileParser/LOADING]: Considering mod file candidate /Users/anmolu/GitHub/AHHHH/mods/Capes.jar
[28May2025 01:52:54.908] [main/DEBUG] [net.minecraftforge.fml.loading.moddiscovery.ModFileInfo/LOADING]: Found valid mod file Capes.jar with {minecraftcapes} mods - versions {12.3.6}
[28May2025 01:52:54.909] [main/DEBUG] [net.minecraftforge.fml.loading.moddiscovery.ModFileParser/LOADING]: Considering mod file candidate /Users/anmolu/GitHub/AHHHH/mods/Cave Dweller Reimagined.jar
[28May2025 01:52:54.910] [main/DEBUG] [net.minecraftforge.fml.loading.moddiscovery.ModFileInfo/LOADING]: Found valid mod file Cave Dweller Reimagined.jar with {cave_dweller} mods - versions {1.6.4}
[28May2025 01:52:54.912] [main/DEBUG] [net.minecraftforge.fml.loading.moddiscovery.ModFileParser/LOADING]: Considering mod file candidate /Users/anmolu/GitHub/AHHHH/mods/FerriteCore.jar
[28May2025 01:52:54.912] [main/DEBUG] [net.minecraftforge.fml.loading.moddiscovery.ModFileInfo/LOADING]: Found valid mod file FerriteCore.jar with {ferritecore} mods - versions {5.0.3}
[28May2025 01:52:54.913] [main/DEBUG] [net.minecraftforge.fml.loading.moddiscovery.ModFileParser/LOADING]: Considering mod file candidate /Users/anmolu/GitHub/AHHHH/mods/Geckolib.jar
[28May2025 01:52:54.913] [main/DEBUG] [net.minecraftforge.fml.loading.moddiscovery.ModFileInfo/LOADING]: Found valid mod file Geckolib.jar with {geckolib3} mods - versions {3.1.40}
[28May2025 01:52:54.913] [main/DEBUG] [net.minecraftforge.fml.loading.moddiscovery.ModFileParser/LOADING]: Considering mod file candidate /Users/anmolu/GitHub/AHHHH/mods/LazyDFU.jar
[28May2025 01:52:54.914] [main/DEBUG] [net.minecraftforge.fml.loading.moddiscovery.ModFileInfo/LOADING]: Found valid mod file LazyDFU.jar with {lazydfu} mods - versions {0.1.3}
[28May2025 01:52:54.914] [main/DEBUG] [net.minecraftforge.fml.loading.moddiscovery.ModFileParser/LOADING]: Considering mod file candidate /Users/anmolu/GitHub/AHHHH/mods/Mimic Dweller.jar
[28May2025 01:52:54.914] [main/DEBUG] [net.minecraftforge.fml.loading.moddiscovery.ModFileInfo/LOADING]: Found valid mod file Mimic Dweller.jar with {mimic_dweller} mods - versions {1.0.0}
[28May2025 01:52:54.915] [main/DEBUG] [net.minecraftforge.fml.loading.moddiscovery.ModFileParser/LOADING]: Considering mod file candidate /Users/anmolu/GitHub/AHHHH/mods/Minimap.jar
[28May2025 01:52:54.915] [main/DEBUG] [net.minecraftforge.fml.loading.moddiscovery.ModFileInfo/LOADING]: Found valid mod file Minimap.jar with {xaerominimap} mods - versions {25.2.6}
[28May2025 01:52:54.915] [main/DEBUG] [net.minecraftforge.fml.loading.moddiscovery.ModFileParser/LOADING]: Considering mod file candidate /Users/anmolu/GitHub/AHHHH/mods/ModernFix.jar
[28May2025 01:52:54.916] [main/DEBUG] [net.minecraftforge.fml.loading.moddiscovery.ModFileInfo/LOADING]: Found valid mod file ModernFix.jar with {modernfix} mods - versions {5.18.1+mc1.19.2}
[28May2025 01:52:54.916] [main/DEBUG] [net.minecraftforge.fml.loading.moddiscovery.ModFileParser/LOADING]: Considering mod file candidate /Users/anmolu/GitHub/AHHHH/mods/Not-Deer.jar
[28May2025 01:52:54.917] [main/DEBUG] [net.minecraftforge.fml.loading.moddiscovery.ModFileInfo/LOADING]: Found valid mod file Not-Deer.jar with {old_goatman} mods - versions {1.7.0}
[28May2025 01:52:54.917] [main/DEBUG] [net.minecraftforge.fml.loading.moddiscovery.ModFileParser/LOADING]: Considering mod file candidate /Users/anmolu/GitHub/AHHHH/mods/Rubidium Extras.jar
[28May2025 01:52:54.917] [main/DEBUG] [net.minecraftforge.fml.loading.moddiscovery.ModFileInfo/LOADING]: Found valid mod file Rubidium Extras.jar with {rubidium_extras} mods - versions {1.19.2_v1.4.3}
[28May2025 01:52:54.918] [main/DEBUG] [net.minecraftforge.fml.loading.moddiscovery.ModFileParser/LOADING]: Considering mod file candidate /Users/anmolu/GitHub/AHHHH/mods/Rubidium.jar
[28May2025 01:52:54.918] [main/DEBUG] [net.minecraftforge.fml.loading.moddiscovery.ModFileInfo/LOADING]: Found valid mod file Rubidium.jar with {rubidium} mods - versions {0.6.2c}
[28May2025 01:52:54.918] [main/DEBUG] [net.minecraftforge.fml.loading.moddiscovery.ModFileParser/LOADING]: Considering mod file candidate /Users/anmolu/GitHub/AHHHH/mods/simple voice chat.jar
[28May2025 01:52:54.919] [main/DEBUG] [net.minecraftforge.fml.loading.moddiscovery.ModFileInfo/LOADING]: Found valid mod file simple voice chat.jar with {voicechat} mods - versions {1.19.2-2.5.30}
[28May2025 01:52:54.919] [main/DEBUG] [net.minecraftforge.fml.loading.moddiscovery.ModFileParser/LOADING]: Considering mod file candidate /Users/anmolu/GitHub/AHHHH/mods/Skin Stealer.jar
[28May2025 01:52:54.919] [main/DEBUG] [net.minecraftforge.fml.loading.moddiscovery.ModFileInfo/LOADING]: Found valid mod file Skin Stealer.jar with {skinwalker_overhaul} mods - versions {1.7.0}
[28May2025 01:52:54.920] [main/DEBUG] [net.minecraftforge.fml.loading.moddiscovery.ModFileParser/LOADING]: Considering mod file candidate /Users/anmolu/GitHub/AHHHH/mods/Starlight.jar
[28May2025 01:52:54.920] [main/DEBUG] [net.minecraftforge.fml.loading.moddiscovery.ModFileInfo/LOADING]: Found valid mod file Starlight.jar with {starlight} mods - versions {1.1.1+forge.a3aea74}
[28May2025 01:52:54.920] [main/DEBUG] [net.minecraftforge.fml.loading.moddiscovery.ModFileParser/LOADING]: Considering mod file candidate /Users/anmolu/GitHub/AHHHH/mods/YeetusExperimentus.jar
[28May2025 01:52:54.920] [main/DEBUG] [net.minecraftforge.fml.loading.moddiscovery.ModFileInfo/LOADING]: Found valid mod file YeetusExperimentus.jar with {yeetusexperimentus} mods - versions {1.0.1-build.2+mc1.19.1}
[28May2025 01:52:54.952] [main/DEBUG] [net.minecraftforge.fml.loading.moddiscovery.ModFileInfo/LOADING]: Found valid mod file server-1.19.2-20220805.130853-srg.jar with {minecraft} mods - versions {1.19.2}
[28May2025 01:52:54.953] [main/DEBUG] [net.minecraftforge.fml.loading.moddiscovery.ModFileParser/LOADING]: Considering mod file candidate /Users/anmolu/GitHub/AHHHH/libraries/net/minecraftforge/fmlcore/1.19.2-43.5.0/fmlcore-1.19.2-43.5.0.jar
[28May2025 01:52:54.953] [main/WARN] [net.minecraftforge.fml.loading.moddiscovery.ModFileParser/LOADING]: Mod file /Users/anmolu/GitHub/AHHHH/libraries/net/minecraftforge/fmlcore/1.19.2-43.5.0/fmlcore-1.19.2-43.5.0.jar is missing mods.toml file
[28May2025 01:52:54.954] [main/DEBUG] [net.minecraftforge.fml.loading.moddiscovery.ModFileParser/LOADING]: Considering mod file candidate /Users/anmolu/GitHub/AHHHH/libraries/net/minecraftforge/javafmllanguage/1.19.2-43.5.0/javafmllanguage-1.19.2-43.5.0.jar
[28May2025 01:52:54.954] [main/WARN] [net.minecraftforge.fml.loading.moddiscovery.ModFileParser/LOADING]: Mod file /Users/anmolu/GitHub/AHHHH/libraries/net/minecraftforge/javafmllanguage/1.19.2-43.5.0/javafmllanguage-1.19.2-43.5.0.jar is missing mods.toml file
[28May2025 01:52:54.954] [main/DEBUG] [net.minecraftforge.fml.loading.moddiscovery.ModFileParser/LOADING]: Considering mod file candidate /Users/anmolu/GitHub/AHHHH/libraries/net/minecraftforge/lowcodelanguage/1.19.2-43.5.0/lowcodelanguage-1.19.2-43.5.0.jar
[28May2025 01:52:54.954] [main/WARN] [net.minecraftforge.fml.loading.moddiscovery.ModFileParser/LOADING]: Mod file /Users/anmolu/GitHub/AHHHH/libraries/net/minecraftforge/lowcodelanguage/1.19.2-43.5.0/lowcodelanguage-1.19.2-43.5.0.jar is missing mods.toml file
[28May2025 01:52:54.955] [main/DEBUG] [net.minecraftforge.fml.loading.moddiscovery.ModFileParser/LOADING]: Considering mod file candidate /Users/anmolu/GitHub/AHHHH/libraries/net/minecraftforge/mclanguage/1.19.2-43.5.0/mclanguage-1.19.2-43.5.0.jar
[28May2025 01:52:54.955] [main/WARN] [net.minecraftforge.fml.loading.moddiscovery.ModFileParser/LOADING]: Mod file /Users/anmolu/GitHub/AHHHH/libraries/net/minecraftforge/mclanguage/1.19.2-43.5.0/mclanguage-1.19.2-43.5.0.jar is missing mods.toml file
[28May2025 01:52:54.970] [main/DEBUG] [net.minecraftforge.fml.loading.moddiscovery.ModFileParser/LOADING]: Considering mod file candidate /Users/anmolu/GitHub/AHHHH/libraries/net/minecraftforge/forge/1.19.2-43.5.0/forge-1.19.2-43.5.0-universal.jar
[28May2025 01:52:54.971] [main/DEBUG] [net.minecraftforge.fml.loading.moddiscovery.ModFileInfo/LOADING]: Found valid mod file forge-1.19.2-43.5.0-universal.jar with {forge} mods - versions {43.5.0}
[28May2025 01:52:54.976] [main/DEBUG] [net.minecraftforge.fml.loading.moddiscovery.AbstractJarFileDependencyLocator/]: Failed to load resource META-INF/jarjar/metadata.json from server-1.19.2-20220805.130853-srg.jar, it does not contain dependency information.
[28May2025 01:52:54.976] [main/DEBUG] [net.minecraftforge.fml.loading.moddiscovery.AbstractJarFileDependencyLocator/]: Failed to load resource META-INF/jarjar/metadata.json from Skin Stealer.jar, it does not contain dependency information.
[28May2025 01:52:54.976] [main/DEBUG] [net.minecraftforge.fml.loading.moddiscovery.AbstractJarFileDependencyLocator/]: Failed to load resource META-INF/jarjar/metadata.json from simple voice chat.jar, it does not contain dependency information.
[28May2025 01:52:54.976] [main/DEBUG] [net.minecraftforge.fml.loading.moddiscovery.AbstractJarFileDependencyLocator/]: Failed to load resource META-INF/jarjar/metadata.json from Mimic Dweller.jar, it does not contain dependency information.
[28May2025 01:52:54.976] [main/DEBUG] [net.minecraftforge.fml.loading.moddiscovery.AbstractJarFileDependencyLocator/]: Failed to load resource META-INF/jarjar/metadata.json from LazyDFU.jar, it does not contain dependency information.
[28May2025 01:52:54.976] [main/DEBUG] [net.minecraftforge.fml.loading.moddiscovery.AbstractJarFileDependencyLocator/]: Failed to load resource META-INF/jarjar/metadata.json from Starlight.jar, it does not contain dependency information.
[28May2025 01:52:54.976] [main/DEBUG] [net.minecraftforge.fml.loading.moddiscovery.AbstractJarFileDependencyLocator/]: Failed to load resource META-INF/jarjar/metadata.json from Cave Dweller Reimagined.jar, it does not contain dependency information.
[28May2025 01:52:54.976] [main/DEBUG] [net.minecraftforge.fml.loading.moddiscovery.AbstractJarFileDependencyLocator/]: Failed to load resource META-INF/jarjar/metadata.json from FerriteCore.jar, it does not contain dependency information.
[28May2025 01:52:54.976] [main/DEBUG] [net.minecraftforge.fml.loading.moddiscovery.AbstractJarFileDependencyLocator/]: Failed to load resource META-INF/jarjar/metadata.json from Not-Deer.jar, it does not contain dependency information.
[28May2025 01:52:54.976] [main/DEBUG] [net.minecraftforge.fml.loading.moddiscovery.AbstractJarFileDependencyLocator/]: Failed to load resource META-INF/jarjar/metadata.json from Capes.jar, it does not contain dependency information.
[28May2025 01:52:54.976] [main/DEBUG] [net.minecraftforge.fml.loading.moddiscovery.AbstractJarFileDependencyLocator/]: Failed to load resource META-INF/jarjar/metadata.json from Rubidium Extras.jar, it does not contain dependency information.
[28May2025 01:52:54.976] [main/DEBUG] [net.minecraftforge.fml.loading.moddiscovery.AbstractJarFileDependencyLocator/]: Failed to load resource META-INF/jarjar/metadata.json from forge-1.19.2-43.5.0-universal.jar, it does not contain dependency information.
[28May2025 01:52:54.976] [main/DEBUG] [net.minecraftforge.fml.loading.moddiscovery.AbstractJarFileDependencyLocator/]: Failed to load resource META-INF/jarjar/metadata.json from Rubidium.jar, it does not contain dependency information.
[28May2025 01:52:54.976] [main/DEBUG] [net.minecraftforge.fml.loading.moddiscovery.AbstractJarFileDependencyLocator/]: Failed to load resource META-INF/jarjar/metadata.json from YeetusExperimentus.jar, it does not contain dependency information.
[28May2025 01:52:54.976] [main/DEBUG] [net.minecraftforge.fml.loading.moddiscovery.AbstractJarFileDependencyLocator/]: Failed to load resource META-INF/jarjar/metadata.json from Minimap.jar, it does not contain dependency information.
[28May2025 01:52:54.976] [main/DEBUG] [net.minecraftforge.fml.loading.moddiscovery.AbstractJarFileDependencyLocator/]: Failed to load resource META-INF/jarjar/metadata.json from Geckolib.jar, it does not contain dependency information.
[28May2025 01:52:54.976] [main/DEBUG] [net.minecraftforge.fml.loading.moddiscovery.AbstractJarFileDependencyLocator/]: Failed to load resource META-INF/jarjar/metadata.json from mclanguage-1.19.2-43.5.0.jar, it does not contain dependency information.
[28May2025 01:52:54.977] [main/DEBUG] [net.minecraftforge.fml.loading.moddiscovery.AbstractJarFileDependencyLocator/]: Failed to load resource META-INF/jarjar/metadata.json from javafmllanguage-1.19.2-43.5.0.jar, it does not contain dependency information.
[28May2025 01:52:54.977] [main/DEBUG] [net.minecraftforge.fml.loading.moddiscovery.AbstractJarFileDependencyLocator/]: Failed to load resource META-INF/jarjar/metadata.json from fmlcore-1.19.2-43.5.0.jar, it does not contain dependency information.
[28May2025 01:52:54.977] [main/DEBUG] [net.minecraftforge.fml.loading.moddiscovery.AbstractJarFileDependencyLocator/]: Failed to load resource META-INF/jarjar/metadata.json from lowcodelanguage-1.19.2-43.5.0.jar, it does not contain dependency information.
[28May2025 01:52:54.991] [main/DEBUG] [net.minecraftforge.fml.loading.moddiscovery.ModFileParser/LOADING]: Considering mod file candidate 
[28May2025 01:52:54.991] [main/DEBUG] [net.minecraftforge.fml.loading.moddiscovery.ModFileInfo/LOADING]: Found valid mod file mixinextras-forge-0.3.2.jar with {mixinextras} mods - versions {0.3.2}
[28May2025 01:52:54.993] [main/DEBUG] [net.minecraftforge.fml.loading.moddiscovery.AbstractJarFileDependencyLocator/]: Failed to load resource META-INF/jarjar/metadata.json from MixinExtras-0.3.2.jar, it does not contain dependency information.
[28May2025 01:52:55.000] [main/DEBUG] [net.minecraftforge.fml.loading.moddiscovery.ModFileParser/LOADING]: Considering mod file candidate 
[28May2025 01:52:55.000] [main/DEBUG] [net.minecraftforge.fml.loading.moddiscovery.ModFileInfo/LOADING]: Found valid mod file mixinextras-forge-0.3.2.jar with {mixinextras} mods - versions {0.3.2}
[28May2025 01:52:55.002] [main/INFO] [net.minecraftforge.fml.loading.moddiscovery.JarInJarDependencyLocator/]: Found 2 dependencies adding them to mods collection
[28May2025 01:52:55.003] [main/DEBUG] [net.minecraftforge.fml.loading.moddiscovery.ModFileInfo/LOADING]: Found valid mod file server-1.19.2-20220805.130853-srg.jar with {minecraft} mods - versions {1.19.2}
[28May2025 01:52:55.004] [main/DEBUG] [net.minecraftforge.fml.loading.moddiscovery.ModFile/LOADING]: Loading mod file /Users/anmolu/GitHub/AHHHH/libraries/net/minecraft/server/1.19.2-20220805.130853/server-1.19.2-20220805.130853-srg.jar with languages [LanguageSpec[languageName=minecraft, acceptedVersions=1]]
[28May2025 01:52:55.004] [main/DEBUG] [net.minecraftforge.fml.loading.moddiscovery.ModFileParser/LOADING]: Considering mod file candidate /Users/anmolu/GitHub/AHHHH/mods/Skin Stealer.jar
[28May2025 01:52:55.004] [main/DEBUG] [net.minecraftforge.fml.loading.moddiscovery.ModFileInfo/LOADING]: Found valid mod file Skin Stealer.jar with {skinwalker_overhaul} mods - versions {1.7.0}
[28May2025 01:52:55.004] [main/DEBUG] [net.minecraftforge.fml.loading.moddiscovery.ModFile/LOADING]: Loading mod file /Users/anmolu/GitHub/AHHHH/mods/Skin Stealer.jar with languages [LanguageSpec[languageName=javafml, acceptedVersions=[43,)]]
[28May2025 01:52:55.004] [main/DEBUG] [net.minecraftforge.fml.loading.moddiscovery.ModFileParser/LOADING]: Considering mod file candidate /Users/anmolu/GitHub/AHHHH/mods/simple voice chat.jar
[28May2025 01:52:55.004] [main/DEBUG] [net.minecraftforge.fml.loading.moddiscovery.ModFileInfo/LOADING]: Found valid mod file simple voice chat.jar with {voicechat} mods - versions {1.19.2-2.5.30}
[28May2025 01:52:55.004] [main/DEBUG] [net.minecraftforge.fml.loading.moddiscovery.ModFile/LOADING]: Loading mod file /Users/anmolu/GitHub/AHHHH/mods/simple voice chat.jar with languages [LanguageSpec[languageName=javafml, acceptedVersions=*]]
[28May2025 01:52:55.004] [main/DEBUG] [net.minecraftforge.fml.loading.moddiscovery.ModFileParser/LOADING]: Considering mod file candidate /Users/anmolu/GitHub/AHHHH/mods/Mimic Dweller.jar
[28May2025 01:52:55.005] [main/DEBUG] [net.minecraftforge.fml.loading.moddiscovery.ModFileInfo/LOADING]: Found valid mod file Mimic Dweller.jar with {mimic_dweller} mods - versions {1.0.0}
[28May2025 01:52:55.005] [main/DEBUG] [net.minecraftforge.fml.loading.moddiscovery.ModFile/LOADING]: Loading mod file /Users/anmolu/GitHub/AHHHH/mods/Mimic Dweller.jar with languages [LanguageSpec[languageName=javafml, acceptedVersions=[43,)]]
[28May2025 01:52:55.005] [main/DEBUG] [net.minecraftforge.fml.loading.moddiscovery.ModFileParser/LOADING]: Considering mod file candidate /Users/anmolu/GitHub/AHHHH/mods/LazyDFU.jar
[28May2025 01:52:55.005] [main/DEBUG] [net.minecraftforge.fml.loading.moddiscovery.ModFileInfo/LOADING]: Found valid mod file LazyDFU.jar with {lazydfu} mods - versions {0.1.3}
[28May2025 01:52:55.005] [main/DEBUG] [net.minecraftforge.fml.loading.moddiscovery.ModFile/LOADING]: Loading mod file /Users/anmolu/GitHub/AHHHH/mods/LazyDFU.jar with languages [LanguageSpec[languageName=javafml, acceptedVersions=[33,)]]
[28May2025 01:52:55.005] [main/DEBUG] [net.minecraftforge.fml.loading.moddiscovery.ModFileParser/LOADING]: Considering mod file candidate /Users/anmolu/GitHub/AHHHH/mods/Starlight.jar
[28May2025 01:52:55.005] [main/DEBUG] [net.minecraftforge.fml.loading.moddiscovery.ModFileInfo/LOADING]: Found valid mod file Starlight.jar with {starlight} mods - versions {1.1.1+forge.a3aea74}
[28May2025 01:52:55.005] [main/DEBUG] [net.minecraftforge.fml.loading.moddiscovery.ModFile/LOADING]: Loading mod file /Users/anmolu/GitHub/AHHHH/mods/Starlight.jar with languages [LanguageSpec[languageName=javafml, acceptedVersions=[37,)]]
[28May2025 01:52:55.005] [main/DEBUG] [net.minecraftforge.fml.loading.moddiscovery.ModFileParser/LOADING]: Considering mod file candidate /Users/anmolu/GitHub/AHHHH/mods/Cave Dweller Reimagined.jar
[28May2025 01:52:55.005] [main/DEBUG] [net.minecraftforge.fml.loading.moddiscovery.ModFileInfo/LOADING]: Found valid mod file Cave Dweller Reimagined.jar with {cave_dweller} mods - versions {1.6.4}
[28May2025 01:52:55.005] [main/DEBUG] [net.minecraftforge.fml.loading.moddiscovery.ModFile/LOADING]: Loading mod file /Users/anmolu/GitHub/AHHHH/mods/Cave Dweller Reimagined.jar with languages [LanguageSpec[languageName=javafml, acceptedVersions=[43,)]]
[28May2025 01:52:55.005] [main/DEBUG] [net.minecraftforge.fml.loading.moddiscovery.ModFileParser/LOADING]: Considering mod file candidate /Users/anmolu/GitHub/AHHHH/mods/FerriteCore.jar
[28May2025 01:52:55.006] [main/DEBUG] [net.minecraftforge.fml.loading.moddiscovery.ModFileInfo/LOADING]: Found valid mod file FerriteCore.jar with {ferritecore} mods - versions {5.0.3}
[28May2025 01:52:55.006] [main/DEBUG] [net.minecraftforge.fml.loading.moddiscovery.ModFile/LOADING]: Loading mod file /Users/anmolu/GitHub/AHHHH/mods/FerriteCore.jar with languages [LanguageSpec[languageName=javafml, acceptedVersions=[28,)]]
[28May2025 01:52:55.006] [main/DEBUG] [net.minecraftforge.fml.loading.moddiscovery.ModFileParser/LOADING]: Considering mod file candidate /Users/anmolu/GitHub/AHHHH/mods/Not-Deer.jar
[28May2025 01:52:55.006] [main/DEBUG] [net.minecraftforge.fml.loading.moddiscovery.ModFileInfo/LOADING]: Found valid mod file Not-Deer.jar with {old_goatman} mods - versions {1.7.0}
[28May2025 01:52:55.006] [main/DEBUG] [net.minecraftforge.fml.loading.moddiscovery.ModFile/LOADING]: Loading mod file /Users/anmolu/GitHub/AHHHH/mods/Not-Deer.jar with languages [LanguageSpec[languageName=javafml, acceptedVersions=[43,)]]
[28May2025 01:52:55.006] [main/DEBUG] [net.minecraftforge.fml.loading.moddiscovery.ModFileParser/LOADING]: Considering mod file candidate /Users/anmolu/GitHub/AHHHH/mods/Capes.jar
[28May2025 01:52:55.006] [main/DEBUG] [net.minecraftforge.fml.loading.moddiscovery.ModFileInfo/LOADING]: Found valid mod file Capes.jar with {minecraftcapes} mods - versions {12.3.6}
[28May2025 01:52:55.006] [main/DEBUG] [net.minecraftforge.fml.loading.moddiscovery.ModFile/LOADING]: Loading mod file /Users/anmolu/GitHub/AHHHH/mods/Capes.jar with languages [LanguageSpec[languageName=javafml, acceptedVersions=[43,)]]
[28May2025 01:52:55.006] [main/DEBUG] [net.minecraftforge.fml.loading.moddiscovery.ModFileParser/LOADING]: Considering mod file candidate /Users/anmolu/GitHub/AHHHH/mods/Rubidium Extras.jar
[28May2025 01:52:55.007] [main/DEBUG] [net.minecraftforge.fml.loading.moddiscovery.ModFileInfo/LOADING]: Found valid mod file Rubidium Extras.jar with {rubidium_extras} mods - versions {1.19.2_v1.4.3}
[28May2025 01:52:55.007] [main/DEBUG] [net.minecraftforge.fml.loading.moddiscovery.ModFile/LOADING]: Loading mod file /Users/anmolu/GitHub/AHHHH/mods/Rubidium Extras.jar with languages [LanguageSpec[languageName=javafml, acceptedVersions=[41,)]]
[28May2025 01:52:55.007] [main/DEBUG] [net.minecraftforge.fml.loading.moddiscovery.ModFileParser/LOADING]: Considering mod file candidate /Users/anmolu/GitHub/AHHHH/libraries/net/minecraftforge/forge/1.19.2-43.5.0/forge-1.19.2-43.5.0-universal.jar
[28May2025 01:52:55.007] [main/DEBUG] [net.minecraftforge.fml.loading.moddiscovery.ModFileInfo/LOADING]: Found valid mod file forge-1.19.2-43.5.0-universal.jar with {forge} mods - versions {43.5.0}
[28May2025 01:52:55.007] [main/DEBUG] [net.minecraftforge.fml.loading.moddiscovery.ModFile/LOADING]: Loading mod file /Users/anmolu/GitHub/AHHHH/libraries/net/minecraftforge/forge/1.19.2-43.5.0/forge-1.19.2-43.5.0-universal.jar with languages [LanguageSpec[languageName=javafml, acceptedVersions=[24,]]]
[28May2025 01:52:55.008] [main/DEBUG] [net.minecraftforge.fml.loading.moddiscovery.ModFileParser/LOADING]: Found coremod field_to_method with Javascript path coremods/field_to_method.js
[28May2025 01:52:55.008] [main/DEBUG] [net.minecraftforge.fml.loading.moddiscovery.ModFileParser/LOADING]: Found coremod field_to_instanceof with Javascript path coremods/field_to_instanceof.js
[28May2025 01:52:55.008] [main/DEBUG] [net.minecraftforge.fml.loading.moddiscovery.ModFileParser/LOADING]: Found coremod add_bouncer_method with Javascript path coremods/add_bouncer_method.js
[28May2025 01:52:55.008] [main/DEBUG] [net.minecraftforge.fml.loading.moddiscovery.ModFile/LOADING]: Found coremod coremods/field_to_method.js
[28May2025 01:52:55.008] [main/DEBUG] [net.minecraftforge.fml.loading.moddiscovery.ModFile/LOADING]: Found coremod coremods/field_to_instanceof.js
[28May2025 01:52:55.008] [main/DEBUG] [net.minecraftforge.fml.loading.moddiscovery.ModFile/LOADING]: Found coremod coremods/add_bouncer_method.js
[28May2025 01:52:55.008] [main/DEBUG] [net.minecraftforge.fml.loading.moddiscovery.ModFileParser/LOADING]: Considering mod file candidate /Users/anmolu/GitHub/AHHHH/mods/Rubidium.jar
[28May2025 01:52:55.008] [main/DEBUG] [net.minecraftforge.fml.loading.moddiscovery.ModFileInfo/LOADING]: Found valid mod file Rubidium.jar with {rubidium} mods - versions {0.6.2c}
[28May2025 01:52:55.008] [main/DEBUG] [net.minecraftforge.fml.loading.moddiscovery.ModFile/LOADING]: Loading mod file /Users/anmolu/GitHub/AHHHH/mods/Rubidium.jar with languages [LanguageSpec[languageName=javafml, acceptedVersions=[39,)]]
[28May2025 01:52:55.008] [main/DEBUG] [net.minecraftforge.fml.loading.moddiscovery.ModFileParser/LOADING]: Considering mod file candidate /Users/anmolu/GitHub/AHHHH/mods/YeetusExperimentus.jar
[28May2025 01:52:55.008] [main/DEBUG] [net.minecraftforge.fml.loading.moddiscovery.ModFileInfo/LOADING]: Found valid mod file YeetusExperimentus.jar with {yeetusexperimentus} mods - versions {1.0.1-build.2+mc1.19.1}
[28May2025 01:52:55.008] [main/DEBUG] [net.minecraftforge.fml.loading.moddiscovery.ModFile/LOADING]: Loading mod file /Users/anmolu/GitHub/AHHHH/mods/YeetusExperimentus.jar with languages [LanguageSpec[languageName=javafml, acceptedVersions=[42,)]]
[28May2025 01:52:55.009] [main/DEBUG] [net.minecraftforge.fml.loading.moddiscovery.ModFileParser/LOADING]: Considering mod file candidate /Users/anmolu/GitHub/AHHHH/mods/Geckolib.jar
[28May2025 01:52:55.009] [main/DEBUG] [net.minecraftforge.fml.loading.moddiscovery.ModFileInfo/LOADING]: Found valid mod file Geckolib.jar with {geckolib3} mods - versions {3.1.40}
[28May2025 01:52:55.009] [main/DEBUG] [net.minecraftforge.fml.loading.moddiscovery.ModFile/LOADING]: Loading mod file /Users/anmolu/GitHub/AHHHH/mods/Geckolib.jar with languages [LanguageSpec[languageName=javafml, acceptedVersions=[41,)]]
[28May2025 01:52:55.009] [main/DEBUG] [net.minecraftforge.fml.loading.moddiscovery.ModFileParser/LOADING]: Considering mod file candidate /Users/anmolu/GitHub/AHHHH/mods/Minimap.jar
[28May2025 01:52:55.009] [main/DEBUG] [net.minecraftforge.fml.loading.moddiscovery.ModFileInfo/LOADING]: Found valid mod file Minimap.jar with {xaerominimap} mods - versions {25.2.6}
[28May2025 01:52:55.009] [main/DEBUG] [net.minecraftforge.fml.loading.moddiscovery.ModFile/LOADING]: Loading mod file /Users/anmolu/GitHub/AHHHH/mods/Minimap.jar with languages [LanguageSpec[languageName=javafml, acceptedVersions=[42,)]]
[28May2025 01:52:55.009] [main/DEBUG] [net.minecraftforge.fml.loading.moddiscovery.ModFileParser/LOADING]: Found coremod xaerohud_core with Javascript path META-INF/xaerohud_core.js
[28May2025 01:52:55.009] [main/DEBUG] [net.minecraftforge.fml.loading.moddiscovery.ModFile/LOADING]: Found coremod META-INF/xaerohud_core.js
[28May2025 01:52:55.009] [main/DEBUG] [net.minecraftforge.fml.loading.moddiscovery.ModFileParser/LOADING]: Considering mod file candidate /Users/anmolu/GitHub/AHHHH/mods/ModernFix.jar
[28May2025 01:52:55.009] [main/DEBUG] [net.minecraftforge.fml.loading.moddiscovery.ModFileInfo/LOADING]: Found valid mod file ModernFix.jar with {modernfix} mods - versions {5.18.1+mc1.19.2}
[28May2025 01:52:55.010] [main/DEBUG] [net.minecraftforge.fml.loading.moddiscovery.ModFile/LOADING]: Loading mod file /Users/anmolu/GitHub/AHHHH/mods/ModernFix.jar with languages [LanguageSpec[languageName=javafml, acceptedVersions=[43,)]]
[28May2025 01:52:55.010] [main/DEBUG] [net.minecraftforge.fml.loading.moddiscovery.ModFileParser/LOADING]: Considering mod file candidate 
[28May2025 01:52:55.010] [main/DEBUG] [net.minecraftforge.fml.loading.moddiscovery.ModFileInfo/LOADING]: Found valid mod file mixinextras-forge-0.3.2.jar with {mixinextras} mods - versions {0.3.2}
[28May2025 01:52:55.010] [main/DEBUG] [net.minecraftforge.fml.loading.moddiscovery.ModFile/LOADING]: Loading mod file  with languages [LanguageSpec[languageName=javafml, acceptedVersions=*]]
[28May2025 01:52:55.010] [main/DEBUG] [net.minecraftforge.fml.loading.moddiscovery.ModFile/LOADING]: Loading mod file  with languages []
[28May2025 01:52:55.010] [main/DEBUG] [cpw.mods.modlauncher.TransformationServiceDecorator/MODLAUNCHER]: End scan trigger - transformation service fml
[28May2025 01:52:55.014] [main/DEBUG] [net.minecraftforge.fml.loading.LanguageLoadingProvider/CORE]: Found 3 language providers
[28May2025 01:52:55.014] [main/DEBUG] [net.minecraftforge.fml.loading.LanguageLoadingProvider/CORE]: Found language provider minecraft, version 1.0
[28May2025 01:52:55.015] [main/DEBUG] [net.minecraftforge.fml.loading.LanguageLoadingProvider/CORE]: Found language provider lowcodefml, version 43
[28May2025 01:52:55.015] [main/DEBUG] [net.minecraftforge.fml.loading.LanguageLoadingProvider/CORE]: Found language provider javafml, version 43
[28May2025 01:52:55.016] [main/DEBUG] [net.minecraftforge.fml.loading.ModSorter/]: Configured system mods: [minecraft, forge]
[28May2025 01:52:55.016] [main/DEBUG] [net.minecraftforge.fml.loading.ModSorter/]: Found system mod: minecraft
[28May2025 01:52:55.016] [main/DEBUG] [net.minecraftforge.fml.loading.ModSorter/]: Found system mod: forge
[28May2025 01:52:55.017] [main/DEBUG] [net.minecraftforge.fml.loading.ModSorter/LOADING]: Found 28 mod requirements (25 mandatory, 3 optional)
[28May2025 01:52:55.017] [main/DEBUG] [net.minecraftforge.fml.loading.ModSorter/LOADING]: Found 0 mod requirements missing (0 mandatory, 0 optional)
[28May2025 01:52:55.152] [main/DEBUG] [cpw.mods.modlauncher.TransformationServicesHandler/MODLAUNCHER]: Transformation services loading transformers
[28May2025 01:52:55.152] [main/DEBUG] [cpw.mods.modlauncher.TransformationServiceDecorator/MODLAUNCHER]: Initializing transformers for transformation service mixin
[28May2025 01:52:55.153] [main/DEBUG] [cpw.mods.modlauncher.TransformationServiceDecorator/MODLAUNCHER]: Initialized transformers for transformation service mixin
[28May2025 01:52:55.153] [main/DEBUG] [cpw.mods.modlauncher.TransformationServiceDecorator/MODLAUNCHER]: Initializing transformers for transformation service fml
[28May2025 01:52:55.153] [main/DEBUG] [net.minecraftforge.fml.loading.FMLServiceProvider/CORE]: Loading coremod transformers
[28May2025 01:52:55.153] [main/DEBUG] [net.minecraftforge.coremod.CoreModEngine/COREMOD]: Loading CoreMod from coremods/field_to_method.js
[28May2025 01:52:55.212] [main/DEBUG] [net.minecraftforge.coremod.CoreModEngine/COREMOD]: CoreMod loaded successfully
[28May2025 01:52:55.212] [main/DEBUG] [net.minecraftforge.coremod.CoreModEngine/COREMOD]: Loading CoreMod from coremods/field_to_instanceof.js
[28May2025 01:52:55.233] [main/DEBUG] [net.minecraftforge.coremod.CoreModEngine/COREMOD]: CoreMod loaded successfully
[28May2025 01:52:55.233] [main/DEBUG] [net.minecraftforge.coremod.CoreModEngine/COREMOD]: Loading CoreMod from coremods/add_bouncer_method.js
[28May2025 01:52:55.244] [main/DEBUG] [net.minecraftforge.coremod.CoreModEngine/COREMOD]: CoreMod loaded successfully
[28May2025 01:52:55.244] [main/DEBUG] [net.minecraftforge.coremod.CoreModEngine/COREMOD]: Loading CoreMod from META-INF/xaerohud_core.js
[28May2025 01:52:55.275] [main/DEBUG] [net.minecraftforge.coremod.CoreModEngine/COREMOD]: CoreMod loaded successfully
[28May2025 01:52:55.278] [main/DEBUG] [cpw.mods.modlauncher.TransformStore/MODLAUNCHER]: Adding transformer net.minecraftforge.coremod.transformer.CoreModMethodTransformer@205df5dc to Target : METHOD {Lnet/minecraft/client/multiplayer/ClientPacketListener;} {m_6773_} {(Lnet/minecraft/network/protocol/game/ClientboundBlockUpdatePacket;)V}
[28May2025 01:52:55.278] [main/DEBUG] [cpw.mods.modlauncher.TransformStore/MODLAUNCHER]: Adding transformer net.minecraftforge.coremod.transformer.CoreModMethodTransformer@6bee793f to Target : METHOD {Lnet/minecraft/client/multiplayer/ClientPacketListener;} {m_5771_} {(Lnet/minecraft/network/protocol/game/ClientboundSectionBlocksUpdatePacket;)V}
[28May2025 01:52:55.278] [main/DEBUG] [cpw.mods.modlauncher.TransformStore/MODLAUNCHER]: Adding transformer net.minecraftforge.coremod.transformer.CoreModMethodTransformer@655f69da to Target : METHOD {Lnet/minecraft/client/multiplayer/ClientPacketListener;} {m_194198_} {(IILnet/minecraft/network/protocol/game/ClientboundLevelChunkPacketData;)V}
[28May2025 01:52:55.278] [main/DEBUG] [cpw.mods.modlauncher.TransformStore/MODLAUNCHER]: Adding transformer net.minecraftforge.coremod.transformer.CoreModMethodTransformer@43b5021c to Target : METHOD {Lnet/minecraft/client/multiplayer/ClientPacketListener;} {m_194202_} {(IILnet/minecraft/network/protocol/game/ClientboundLightUpdatePacketData;)V}
[28May2025 01:52:55.278] [main/DEBUG] [cpw.mods.modlauncher.TransformStore/MODLAUNCHER]: Adding transformer net.minecraftforge.coremod.transformer.CoreModMethodTransformer@28369db0 to Target : METHOD {Lnet/minecraft/client/multiplayer/ClientPacketListener;} {m_6571_} {(Lnet/minecraft/network/protocol/game/ClientboundSetDefaultSpawnPositionPacket;)V}
[28May2025 01:52:55.278] [main/DEBUG] [cpw.mods.modlauncher.TransformStore/MODLAUNCHER]: Adding transformer net.minecraftforge.coremod.transformer.CoreModMethodTransformer@30893e08 to Target : METHOD {Lnet/minecraft/client/player/AbstractClientPlayer;} {m_108561_} {()Lnet/minecraft/resources/ResourceLocation;}
[28May2025 01:52:55.278] [main/DEBUG] [cpw.mods.modlauncher.TransformStore/MODLAUNCHER]: Adding transformer net.minecraftforge.coremod.transformer.CoreModMethodTransformer@2e86807a to Target : METHOD {Lnet/minecraft/world/entity/player/Player;} {m_36170_} {(Lnet/minecraft/world/entity/player/PlayerModelPart;)Z}
[28May2025 01:52:55.279] [main/DEBUG] [cpw.mods.modlauncher.TransformStore/MODLAUNCHER]: Adding transformer net.minecraftforge.coremod.transformer.CoreModMethodTransformer@4548d254 to Target : METHOD {Lnet/minecraft/client/multiplayer/ClientPacketListener;} {m_5998_} {(Lnet/minecraft/network/protocol/game/ClientboundLoginPacket;)V}
[28May2025 01:52:55.279] [main/DEBUG] [cpw.mods.modlauncher.TransformStore/MODLAUNCHER]: Adding transformer net.minecraftforge.coremod.transformer.CoreModMethodTransformer@590f0c50 to Target : METHOD {Lnet/minecraft/client/multiplayer/ClientPacketListener;} {m_105140_} {()V}
[28May2025 01:52:55.279] [main/DEBUG] [cpw.mods.modlauncher.TransformStore/MODLAUNCHER]: Adding transformer net.minecraftforge.coremod.transformer.CoreModMethodTransformer@208f0007 to Target : METHOD {Lnet/minecraft/client/player/LocalPlayer;} {m_7583_} {()V}
[28May2025 01:52:55.279] [main/DEBUG] [cpw.mods.modlauncher.TransformStore/MODLAUNCHER]: Adding transformer net.minecraftforge.coremod.transformer.CoreModMethodTransformer@3a90c13c to Target : METHOD {Lnet/minecraft/server/players/PlayerList;} {m_11229_} {(Lnet/minecraft/server/level/ServerPlayer;Lnet/minecraft/server/level/ServerLevel;)V}
[28May2025 01:52:55.279] [main/DEBUG] [cpw.mods.modlauncher.TransformStore/MODLAUNCHER]: Adding transformer net.minecraftforge.coremod.transformer.CoreModMethodTransformer@39c96e48 to Target : METHOD {Lnet/minecraft/client/gui/components/BossHealthOverlay;} {m_93704_} {(Lcom/mojang/blaze3d/vertex/PoseStack;)V}
[28May2025 01:52:55.279] [main/DEBUG] [cpw.mods.modlauncher.TransformStore/MODLAUNCHER]: Adding transformer net.minecraftforge.coremod.transformer.CoreModMethodTransformer@188598ad to Target : METHOD {Lnet/minecraft/client/model/ListModel;} {m_7695_} {(Lcom/mojang/blaze3d/vertex/PoseStack;Lcom/mojang/blaze3d/vertex/VertexConsumer;IIFFFF)V}
[28May2025 01:52:55.279] [main/DEBUG] [cpw.mods.modlauncher.TransformStore/MODLAUNCHER]: Adding transformer net.minecraftforge.coremod.transformer.CoreModMethodTransformer@40d23c82 to Target : METHOD {Lnet/minecraft/client/model/AgeableListModel;} {m_7695_} {(Lcom/mojang/blaze3d/vertex/PoseStack;Lcom/mojang/blaze3d/vertex/VertexConsumer;IIFFFF)V}
[28May2025 01:52:55.279] [main/DEBUG] [cpw.mods.modlauncher.TransformStore/MODLAUNCHER]: Adding transformer net.minecraftforge.coremod.transformer.CoreModMethodTransformer@7cf78c85 to Target : METHOD {Lnet/minecraft/client/model/LlamaModel;} {m_7695_} {(Lcom/mojang/blaze3d/vertex/PoseStack;Lcom/mojang/blaze3d/vertex/VertexConsumer;IIFFFF)V}
[28May2025 01:52:55.279] [main/DEBUG] [cpw.mods.modlauncher.TransformStore/MODLAUNCHER]: Adding transformer net.minecraftforge.coremod.transformer.CoreModMethodTransformer@ebe067d to Target : METHOD {Lnet/minecraft/client/model/RabbitModel;} {m_7695_} {(Lcom/mojang/blaze3d/vertex/PoseStack;Lcom/mojang/blaze3d/vertex/VertexConsumer;IIFFFF)V}
[28May2025 01:52:55.279] [main/DEBUG] [cpw.mods.modlauncher.TransformStore/MODLAUNCHER]: Adding transformer net.minecraftforge.coremod.transformer.CoreModMethodTransformer@3a4ab7f7 to Target : METHOD {Lnet/minecraft/client/renderer/entity/EnderDragonRenderer$DragonModel;} {m_7695_} {(Lcom/mojang/blaze3d/vertex/PoseStack;Lcom/mojang/blaze3d/vertex/VertexConsumer;IIFFFF)V}
[28May2025 01:52:55.279] [main/DEBUG] [cpw.mods.modlauncher.TransformStore/MODLAUNCHER]: Adding transformer net.minecraftforge.coremod.transformer.CoreModMethodTransformer@6badba10 to Target : METHOD {Lnet/minecraft/client/model/HierarchicalModel;} {m_7695_} {(Lcom/mojang/blaze3d/vertex/PoseStack;Lcom/mojang/blaze3d/vertex/VertexConsumer;IIFFFF)V}
[28May2025 01:52:55.279] [main/DEBUG] [cpw.mods.modlauncher.TransformStore/MODLAUNCHER]: Adding transformer net.minecraftforge.coremod.transformer.CoreModMethodTransformer@2b7e8044 to Target : METHOD {Lnet/minecraft/client/model/geom/ModelPart;} {m_104290_} {(Lcom/mojang/blaze3d/vertex/PoseStack$Pose;Lcom/mojang/blaze3d/vertex/VertexConsumer;IIFFFF)V}
[28May2025 01:52:55.279] [main/DEBUG] [cpw.mods.modlauncher.TransformStore/MODLAUNCHER]: Adding transformer net.minecraftforge.coremod.transformer.CoreModMethodTransformer@550de6b8 to Target : METHOD {Lnet/minecraft/world/level/storage/LevelStorageSource$LevelStorageAccess;} {m_78311_} {()V}
[28May2025 01:52:55.279] [main/DEBUG] [cpw.mods.modlauncher.TransformStore/MODLAUNCHER]: Adding transformer net.minecraftforge.coremod.transformer.CoreModMethodTransformer@3a1706e1 to Target : METHOD {Lnet/minecraft/client/player/LocalPlayer;} {m_241110_} {(Ljava/lang/String;Lnet/minecraft/network/chat/Component;)V}
[28May2025 01:52:55.279] [main/DEBUG] [cpw.mods.modlauncher.TransformStore/MODLAUNCHER]: Adding transformer net.minecraftforge.coremod.transformer.CoreModMethodTransformer@3c6c4689 to Target : METHOD {Lnet/minecraft/client/player/LocalPlayer;} {m_242614_} {(Ljava/lang/String;)Z}
[28May2025 01:52:55.279] [main/DEBUG] [cpw.mods.modlauncher.TransformStore/MODLAUNCHER]: Adding transformer net.minecraftforge.coremod.transformer.CoreModMethodTransformer@63cf9de0 to Target : METHOD {Lnet/minecraft/client/multiplayer/chat/ChatListener;} {m_240494_} {(Lnet/minecraft/network/chat/Component;Z)V}
[28May2025 01:52:55.279] [main/DEBUG] [cpw.mods.modlauncher.TransformStore/MODLAUNCHER]: Adding transformer net.minecraftforge.coremod.transformer.CoreModMethodTransformer@594d9f07 to Target : METHOD {Lnet/minecraft/client/multiplayer/chat/ChatListener;} {m_241171_} {(Lnet/minecraft/network/chat/ChatType$Bound;Lnet/minecraft/network/chat/PlayerChatMessage;Lnet/minecraft/network/chat/Component;)Z}
[28May2025 01:52:55.279] [main/DEBUG] [cpw.mods.modlauncher.TransformStore/MODLAUNCHER]: Adding transformer net.minecraftforge.coremod.transformer.CoreModMethodTransformer@5befbac1 to Target : METHOD {Lnet/minecraft/client/ToggleKeyMapping;} {m_90857_} {()Z}
[28May2025 01:52:55.279] [main/DEBUG] [cpw.mods.modlauncher.TransformStore/MODLAUNCHER]: Adding transformer net.minecraftforge.coremod.transformer.CoreModClassTransformer@1a565afb to Target : CLASS {Lnet/minecraft/world/level/biome/Biome;} {} {V}
[28May2025 01:52:55.279] [main/DEBUG] [cpw.mods.modlauncher.TransformStore/MODLAUNCHER]: Adding transformer net.minecraftforge.coremod.transformer.CoreModClassTransformer@2fd64b11 to Target : CLASS {Lnet/minecraft/world/level/levelgen/structure/Structure;} {} {V}
[28May2025 01:52:55.279] [main/DEBUG] [cpw.mods.modlauncher.TransformStore/MODLAUNCHER]: Adding transformer net.minecraftforge.coremod.transformer.CoreModClassTransformer@949c598 to Target : CLASS {Lnet/minecraft/world/effect/MobEffectInstance;} {} {V}
[28May2025 01:52:55.279] [main/DEBUG] [cpw.mods.modlauncher.TransformStore/MODLAUNCHER]: Adding transformer net.minecraftforge.coremod.transformer.CoreModClassTransformer@43d3aba5 to Target : CLASS {Lnet/minecraft/world/level/block/LiquidBlock;} {} {V}
[28May2025 01:52:55.280] [main/DEBUG] [cpw.mods.modlauncher.TransformStore/MODLAUNCHER]: Adding transformer net.minecraftforge.coremod.transformer.CoreModClassTransformer@6bfaa0a6 to Target : CLASS {Lnet/minecraft/world/item/BucketItem;} {} {V}
[28May2025 01:52:55.280] [main/DEBUG] [cpw.mods.modlauncher.TransformStore/MODLAUNCHER]: Adding transformer net.minecraftforge.coremod.transformer.CoreModClassTransformer@76e9f00b to Target : CLASS {Lnet/minecraft/world/level/block/StairBlock;} {} {V}
[28May2025 01:52:55.280] [main/DEBUG] [cpw.mods.modlauncher.TransformStore/MODLAUNCHER]: Adding transformer net.minecraftforge.coremod.transformer.CoreModClassTransformer@314b9e4b to Target : CLASS {Lnet/minecraft/world/level/block/FlowerPotBlock;} {} {V}
[28May2025 01:52:55.280] [main/DEBUG] [cpw.mods.modlauncher.TransformStore/MODLAUNCHER]: Adding transformer net.minecraftforge.coremod.transformer.CoreModClassTransformer@6f1b8544 to Target : CLASS {Lnet/minecraft/world/item/ItemStack;} {} {V}
[28May2025 01:52:55.280] [main/DEBUG] [cpw.mods.modlauncher.TransformStore/MODLAUNCHER]: Adding transformer net.minecraftforge.coremod.transformer.CoreModClassTransformer@51dae791 to Target : CLASS {Lnet/minecraft/network/play/client/CClientSettingsPacket;} {} {V}
[28May2025 01:52:55.280] [main/DEBUG] [cpw.mods.modlauncher.TransformStore/MODLAUNCHER]: Adding transformer net.minecraftforge.coremod.transformer.CoreModClassTransformer@688a2c09 to Target : CLASS {Lnet/minecraft/world/level/chunk/LevelChunk;} {} {V}
[28May2025 01:52:55.280] [main/DEBUG] [cpw.mods.modlauncher.TransformStore/MODLAUNCHER]: Adding transformer net.minecraftforge.coremod.transformer.CoreModClassTransformer@5de5e95 to Target : CLASS {Lnet/minecraft/client/multiplayer/ClientPacketListener;} {} {V}
[28May2025 01:52:55.280] [main/DEBUG] [cpw.mods.modlauncher.TransformStore/MODLAUNCHER]: Adding transformer net.minecraftforge.coremod.transformer.CoreModClassTransformer@365cdacf to Target : CLASS {Lnet/minecraft/client/multiplayer/ClientLevel;} {} {V}
[28May2025 01:52:55.280] [main/DEBUG] [cpw.mods.modlauncher.TransformStore/MODLAUNCHER]: Adding transformer net.minecraftforge.coremod.transformer.CoreModClassTransformer@303c55fa to Target : CLASS {Lnet/minecraft/network/protocol/game/ClientboundSectionBlocksUpdatePacket;} {} {V}
[28May2025 01:52:55.280] [main/DEBUG] [cpw.mods.modlauncher.TransformStore/MODLAUNCHER]: Adding transformer net.minecraftforge.coremod.transformer.CoreModClassTransformer@9efcd90 to Target : CLASS {Lnet/minecraft/client/gui/components/CycleButton;} {} {V}
[28May2025 01:52:55.280] [main/DEBUG] [cpw.mods.modlauncher.TransformStore/MODLAUNCHER]: Adding transformer net.minecraftforge.coremod.transformer.CoreModClassTransformer@7eb200ce to Target : CLASS {Lnet/minecraft/server/MinecraftServer;} {} {V}
[28May2025 01:52:55.280] [main/DEBUG] [cpw.mods.modlauncher.TransformStore/MODLAUNCHER]: Adding transformer net.minecraftforge.coremod.transformer.CoreModClassTransformer@2ee83775 to Target : CLASS {Lnet/minecraft/server/level/ServerPlayer;} {} {V}
[28May2025 01:52:55.280] [main/DEBUG] [cpw.mods.modlauncher.TransformStore/MODLAUNCHER]: Adding transformer net.minecraftforge.coremod.transformer.CoreModClassTransformer@7c2924d7 to Target : CLASS {Lnet/minecraft/client/Minecraft;} {} {V}
[28May2025 01:52:55.280] [main/DEBUG] [cpw.mods.modlauncher.TransformStore/MODLAUNCHER]: Adding transformer net.minecraftforge.coremod.transformer.CoreModClassTransformer@b5de58f to Target : CLASS {Lnet/minecraft/client/gui/components/AbstractSelectionList;} {} {V}
[28May2025 01:52:55.280] [main/DEBUG] [cpw.mods.modlauncher.TransformationServiceDecorator/MODLAUNCHER]: Initialized transformers for transformation service fml
[28May2025 01:52:55.375] [main/DEBUG] [mixin/]: Processing prepare() for PlatformAgent[MixinPlatformAgentDefault:ModLauncher Root Container(ModLauncher:4f56a0a2)]
[28May2025 01:52:55.376] [main/DEBUG] [mixin/]: Processing launch tasks for PlatformAgent[MixinPlatformAgentDefault:ModLauncher Root Container(ModLauncher:4f56a0a2)]
[28May2025 01:52:55.376] [main/DEBUG] [mixin/]: Adding mixin platform agents for container SecureJarResource(minecraft)
[28May2025 01:52:55.376] [main/DEBUG] [mixin/]: Instancing new MixinPlatformAgentMinecraftForge for SecureJarResource(minecraft)
[28May2025 01:52:55.376] [main/DEBUG] [mixin/]: MixinPlatformAgentMinecraftForge rejected container SecureJarResource(minecraft)
[28May2025 01:52:55.376] [main/DEBUG] [mixin/]: Instancing new MixinPlatformAgentDefault for SecureJarResource(minecraft)
[28May2025 01:52:55.376] [main/DEBUG] [mixin/]: MixinPlatformAgentDefault accepted container SecureJarResource(minecraft)
[28May2025 01:52:55.376] [main/DEBUG] [mixin/]: Processing prepare() for PlatformAgent[MixinPlatformAgentDefault:SecureJarResource(minecraft)]
[28May2025 01:52:55.376] [main/DEBUG] [mixin/]: Adding mixin platform agents for container SecureJarResource(skinwalker_overhaul)
[28May2025 01:52:55.376] [main/DEBUG] [mixin/]: Instancing new MixinPlatformAgentMinecraftForge for SecureJarResource(skinwalker_overhaul)
[28May2025 01:52:55.376] [main/DEBUG] [mixin/]: MixinPlatformAgentMinecraftForge rejected container SecureJarResource(skinwalker_overhaul)
[28May2025 01:52:55.376] [main/DEBUG] [mixin/]: Instancing new MixinPlatformAgentDefault for SecureJarResource(skinwalker_overhaul)
[28May2025 01:52:55.376] [main/DEBUG] [mixin/]: MixinPlatformAgentDefault accepted container SecureJarResource(skinwalker_overhaul)
[28May2025 01:52:55.376] [main/DEBUG] [mixin/]: Processing prepare() for PlatformAgent[MixinPlatformAgentDefault:SecureJarResource(skinwalker_overhaul)]
[28May2025 01:52:55.376] [main/DEBUG] [mixin/]: Registering mixin config: skinwalker_overhaul.mixins.json
[28May2025 01:52:55.380] [main/DEBUG] [mixin/]: Compatibility level JAVA_17 specified by skinwalker_overhaul.mixins.json is higher than the maximum level supported by this version of mixin (JAVA_13).
[28May2025 01:52:55.382] [main/INFO] [mixin/]: Compatibility level set to JAVA_17
[28May2025 01:52:55.382] [main/DEBUG] [mixin/]: Adding mixin platform agents for container SecureJarResource(voicechat)
[28May2025 01:52:55.382] [main/DEBUG] [mixin/]: Instancing new MixinPlatformAgentMinecraftForge for SecureJarResource(voicechat)
[28May2025 01:52:55.382] [main/DEBUG] [mixin/]: MixinPlatformAgentMinecraftForge rejected container SecureJarResource(voicechat)
[28May2025 01:52:55.382] [main/DEBUG] [mixin/]: Instancing new MixinPlatformAgentDefault for SecureJarResource(voicechat)
[28May2025 01:52:55.382] [main/DEBUG] [mixin/]: MixinPlatformAgentDefault accepted container SecureJarResource(voicechat)
[28May2025 01:52:55.383] [main/DEBUG] [mixin/]: Processing prepare() for PlatformAgent[MixinPlatformAgentDefault:SecureJarResource(voicechat)]
[28May2025 01:52:55.383] [main/DEBUG] [mixin/]: Adding mixin platform agents for container SecureJarResource(mimic_dweller)
[28May2025 01:52:55.383] [main/DEBUG] [mixin/]: Instancing new MixinPlatformAgentMinecraftForge for SecureJarResource(mimic_dweller)
[28May2025 01:52:55.383] [main/DEBUG] [mixin/]: MixinPlatformAgentMinecraftForge rejected container SecureJarResource(mimic_dweller)
[28May2025 01:52:55.383] [main/DEBUG] [mixin/]: Instancing new MixinPlatformAgentDefault for SecureJarResource(mimic_dweller)
[28May2025 01:52:55.383] [main/DEBUG] [mixin/]: MixinPlatformAgentDefault accepted container SecureJarResource(mimic_dweller)
[28May2025 01:52:55.383] [main/DEBUG] [mixin/]: Processing prepare() for PlatformAgent[MixinPlatformAgentDefault:SecureJarResource(mimic_dweller)]
[28May2025 01:52:55.383] [main/DEBUG] [mixin/]: Adding mixin platform agents for container SecureJarResource(lazydfu)
[28May2025 01:52:55.383] [main/DEBUG] [mixin/]: Instancing new MixinPlatformAgentMinecraftForge for SecureJarResource(lazydfu)
[28May2025 01:52:55.383] [main/DEBUG] [mixin/]: MixinPlatformAgentMinecraftForge rejected container SecureJarResource(lazydfu)
[28May2025 01:52:55.383] [main/DEBUG] [mixin/]: Instancing new MixinPlatformAgentDefault for SecureJarResource(lazydfu)
[28May2025 01:52:55.383] [main/DEBUG] [mixin/]: MixinPlatformAgentDefault accepted container SecureJarResource(lazydfu)
[28May2025 01:52:55.383] [main/DEBUG] [mixin/]: Processing prepare() for PlatformAgent[MixinPlatformAgentDefault:SecureJarResource(lazydfu)]
[28May2025 01:52:55.383] [main/DEBUG] [mixin/]: Registering mixin config: lazydfu.mixins.json
[28May2025 01:52:55.383] [main/DEBUG] [mixin/]: Compatibility level JAVA_16 specified by lazydfu.mixins.json is higher than the maximum level supported by this version of mixin (JAVA_13).
[28May2025 01:52:55.383] [main/DEBUG] [mixin/]: Adding mixin platform agents for container SecureJarResource(starlight)
[28May2025 01:52:55.383] [main/DEBUG] [mixin/]: Instancing new MixinPlatformAgentMinecraftForge for SecureJarResource(starlight)
[28May2025 01:52:55.384] [main/DEBUG] [mixin/]: MixinPlatformAgentMinecraftForge rejected container SecureJarResource(starlight)
[28May2025 01:52:55.384] [main/DEBUG] [mixin/]: Instancing new MixinPlatformAgentDefault for SecureJarResource(starlight)
[28May2025 01:52:55.384] [main/DEBUG] [mixin/]: MixinPlatformAgentDefault accepted container SecureJarResource(starlight)
[28May2025 01:52:55.384] [main/DEBUG] [mixin/]: Processing prepare() for PlatformAgent[MixinPlatformAgentDefault:SecureJarResource(starlight)]
[28May2025 01:52:55.384] [main/DEBUG] [mixin/]: Registering mixin config: starlight.mixins.json
[28May2025 01:52:55.384] [main/DEBUG] [mixin/]: Adding mixin platform agents for container SecureJarResource(cave_dweller)
[28May2025 01:52:55.384] [main/DEBUG] [mixin/]: Instancing new MixinPlatformAgentMinecraftForge for SecureJarResource(cave_dweller)
[28May2025 01:52:55.384] [main/DEBUG] [mixin/]: MixinPlatformAgentMinecraftForge rejected container SecureJarResource(cave_dweller)
[28May2025 01:52:55.384] [main/DEBUG] [mixin/]: Instancing new MixinPlatformAgentDefault for SecureJarResource(cave_dweller)
[28May2025 01:52:55.384] [main/DEBUG] [mixin/]: MixinPlatformAgentDefault accepted container SecureJarResource(cave_dweller)
[28May2025 01:52:55.384] [main/DEBUG] [mixin/]: Processing prepare() for PlatformAgent[MixinPlatformAgentDefault:SecureJarResource(cave_dweller)]
[28May2025 01:52:55.384] [main/DEBUG] [mixin/]: Registering mixin config: cave_dweller.mixins.json
[28May2025 01:52:55.384] [main/DEBUG] [mixin/]: Adding mixin platform agents for container SecureJarResource(ferritecore)
[28May2025 01:52:55.384] [main/DEBUG] [mixin/]: Instancing new MixinPlatformAgentMinecraftForge for SecureJarResource(ferritecore)
[28May2025 01:52:55.384] [main/DEBUG] [mixin/]: MixinPlatformAgentMinecraftForge rejected container SecureJarResource(ferritecore)
[28May2025 01:52:55.385] [main/DEBUG] [mixin/]: Instancing new MixinPlatformAgentDefault for SecureJarResource(ferritecore)
[28May2025 01:52:55.385] [main/DEBUG] [mixin/]: MixinPlatformAgentDefault accepted container SecureJarResource(ferritecore)
[28May2025 01:52:55.385] [main/DEBUG] [mixin/]: Processing prepare() for PlatformAgent[MixinPlatformAgentDefault:SecureJarResource(ferritecore)]
[28May2025 01:52:55.385] [main/DEBUG] [mixin/]: Registering mixin config: ferritecore.predicates.mixin.json
[28May2025 01:52:55.385] [main/DEBUG] [mixin/]: Registering mixin config: ferritecore.fastmap.mixin.json
[28May2025 01:52:55.385] [main/DEBUG] [mixin/]: Registering mixin config: ferritecore.mrl.mixin.json
[28May2025 01:52:55.385] [main/DEBUG] [mixin/]: Registering mixin config: ferritecore.dedupmultipart.mixin.json
[28May2025 01:52:55.386] [main/DEBUG] [mixin/]: Registering mixin config: ferritecore.blockstatecache.mixin.json
[28May2025 01:52:55.386] [main/DEBUG] [mixin/]: Registering mixin config: ferritecore.dedupbakedquad.mixin.json
[28May2025 01:52:55.386] [main/DEBUG] [mixin/]: Registering mixin config: ferritecore.threaddetec.mixin.json
[28May2025 01:52:55.386] [main/DEBUG] [mixin/]: Adding mixin platform agents for container SecureJarResource(old_goatman)
[28May2025 01:52:55.386] [main/DEBUG] [mixin/]: Instancing new MixinPlatformAgentMinecraftForge for SecureJarResource(old_goatman)
[28May2025 01:52:55.387] [main/DEBUG] [mixin/]: MixinPlatformAgentMinecraftForge rejected container SecureJarResource(old_goatman)
[28May2025 01:52:55.387] [main/DEBUG] [mixin/]: Instancing new MixinPlatformAgentDefault for SecureJarResource(old_goatman)
[28May2025 01:52:55.387] [main/DEBUG] [mixin/]: MixinPlatformAgentDefault accepted container SecureJarResource(old_goatman)
[28May2025 01:52:55.387] [main/DEBUG] [mixin/]: Processing prepare() for PlatformAgent[MixinPlatformAgentDefault:SecureJarResource(old_goatman)]
[28May2025 01:52:55.387] [main/DEBUG] [mixin/]: Registering mixin config: old_goatman.mixins.json
[28May2025 01:52:55.387] [main/DEBUG] [mixin/]: Adding mixin platform agents for container SecureJarResource(minecraftcapes)
[28May2025 01:52:55.387] [main/DEBUG] [mixin/]: Instancing new MixinPlatformAgentMinecraftForge for SecureJarResource(minecraftcapes)
[28May2025 01:52:55.387] [main/DEBUG] [mixin/]: MixinPlatformAgentMinecraftForge rejected container SecureJarResource(minecraftcapes)
[28May2025 01:52:55.387] [main/DEBUG] [mixin/]: Instancing new MixinPlatformAgentDefault for SecureJarResource(minecraftcapes)
[28May2025 01:52:55.387] [main/DEBUG] [mixin/]: MixinPlatformAgentDefault accepted container SecureJarResource(minecraftcapes)
[28May2025 01:52:55.387] [main/DEBUG] [mixin/]: Processing prepare() for PlatformAgent[MixinPlatformAgentDefault:SecureJarResource(minecraftcapes)]
[28May2025 01:52:55.387] [main/DEBUG] [mixin/]: Registering mixin config: minecraftcapes.mixin.json
[28May2025 01:52:55.387] [main/ERROR] [mixin/]: Mixin config minecraftcapes.mixin.json does not specify "minVersion" property
[28May2025 01:52:55.387] [main/DEBUG] [mixin/]: Adding mixin platform agents for container SecureJarResource(rubidium_extras)
[28May2025 01:52:55.387] [main/DEBUG] [mixin/]: Instancing new MixinPlatformAgentMinecraftForge for SecureJarResource(rubidium_extras)
[28May2025 01:52:55.387] [main/DEBUG] [mixin/]: MixinPlatformAgentMinecraftForge rejected container SecureJarResource(rubidium_extras)
[28May2025 01:52:55.387] [main/DEBUG] [mixin/]: Instancing new MixinPlatformAgentDefault for SecureJarResource(rubidium_extras)
[28May2025 01:52:55.387] [main/DEBUG] [mixin/]: MixinPlatformAgentDefault accepted container SecureJarResource(rubidium_extras)
[28May2025 01:52:55.388] [main/DEBUG] [mixin/]: Processing prepare() for PlatformAgent[MixinPlatformAgentDefault:SecureJarResource(rubidium_extras)]
[28May2025 01:52:55.388] [main/DEBUG] [mixin/]: Registering mixin config: rubidium_extras.mixins.json
[28May2025 01:52:55.388] [main/DEBUG] [mixin/]: Compatibility level JAVA_8 specified by rubidium_extras.mixins.json is lower than the default level supported by the current mixin service (JAVA_16).
[28May2025 01:52:55.388] [main/DEBUG] [mixin/]: Adding mixin platform agents for container SecureJarResource(forge)
[28May2025 01:52:55.388] [main/DEBUG] [mixin/]: Instancing new MixinPlatformAgentMinecraftForge for SecureJarResource(forge)
[28May2025 01:52:55.388] [main/DEBUG] [mixin/]: MixinPlatformAgentMinecraftForge rejected container SecureJarResource(forge)
[28May2025 01:52:55.388] [main/DEBUG] [mixin/]: Instancing new MixinPlatformAgentDefault for SecureJarResource(forge)
[28May2025 01:52:55.388] [main/DEBUG] [mixin/]: MixinPlatformAgentDefault accepted container SecureJarResource(forge)
[28May2025 01:52:55.388] [main/DEBUG] [mixin/]: Processing prepare() for PlatformAgent[MixinPlatformAgentDefault:SecureJarResource(forge)]
[28May2025 01:52:55.388] [main/DEBUG] [mixin/]: Adding mixin platform agents for container SecureJarResource(rubidium)
[28May2025 01:52:55.388] [main/DEBUG] [mixin/]: Instancing new MixinPlatformAgentMinecraftForge for SecureJarResource(rubidium)
[28May2025 01:52:55.388] [main/DEBUG] [mixin/]: MixinPlatformAgentMinecraftForge rejected container SecureJarResource(rubidium)
[28May2025 01:52:55.388] [main/DEBUG] [mixin/]: Instancing new MixinPlatformAgentDefault for SecureJarResource(rubidium)
[28May2025 01:52:55.388] [main/DEBUG] [mixin/]: MixinPlatformAgentDefault accepted container SecureJarResource(rubidium)
[28May2025 01:52:55.388] [main/DEBUG] [mixin/]: Processing prepare() for PlatformAgent[MixinPlatformAgentDefault:SecureJarResource(rubidium)]
[28May2025 01:52:55.388] [main/DEBUG] [mixin/]: Registering mixin config: rubidium.mixins.json
[28May2025 01:52:55.389] [main/DEBUG] [mixin/]: Registering mixin config: rubidium.compat.mixins.json
[28May2025 01:52:55.389] [main/DEBUG] [mixin/]: Compatibility level JAVA_8 specified by rubidium.compat.mixins.json is lower than the default level supported by the current mixin service (JAVA_16).
[28May2025 01:52:55.389] [main/DEBUG] [mixin/]: Adding mixin platform agents for container SecureJarResource(yeetusexperimentus)
[28May2025 01:52:55.389] [main/DEBUG] [mixin/]: Instancing new MixinPlatformAgentMinecraftForge for SecureJarResource(yeetusexperimentus)
[28May2025 01:52:55.389] [main/DEBUG] [mixin/]: MixinPlatformAgentMinecraftForge rejected container SecureJarResource(yeetusexperimentus)
[28May2025 01:52:55.389] [main/DEBUG] [mixin/]: Instancing new MixinPlatformAgentDefault for SecureJarResource(yeetusexperimentus)
[28May2025 01:52:55.389] [main/DEBUG] [mixin/]: MixinPlatformAgentDefault accepted container SecureJarResource(yeetusexperimentus)
[28May2025 01:52:55.389] [main/DEBUG] [mixin/]: Processing prepare() for PlatformAgent[MixinPlatformAgentDefault:SecureJarResource(yeetusexperimentus)]
[28May2025 01:52:55.389] [main/DEBUG] [mixin/]: Registering mixin config: yeetusexperimentus.mixins.json
[28May2025 01:52:55.389] [main/DEBUG] [mixin/]: Adding mixin platform agents for container SecureJarResource(geckolib3)
[28May2025 01:52:55.389] [main/DEBUG] [mixin/]: Instancing new MixinPlatformAgentMinecraftForge for SecureJarResource(geckolib3)
[28May2025 01:52:55.389] [main/DEBUG] [mixin/]: MixinPlatformAgentMinecraftForge rejected container SecureJarResource(geckolib3)
[28May2025 01:52:55.389] [main/DEBUG] [mixin/]: Instancing new MixinPlatformAgentDefault for SecureJarResource(geckolib3)
[28May2025 01:52:55.389] [main/DEBUG] [mixin/]: MixinPlatformAgentDefault accepted container SecureJarResource(geckolib3)
[28May2025 01:52:55.389] [main/DEBUG] [mixin/]: Processing prepare() for PlatformAgent[MixinPlatformAgentDefault:SecureJarResource(geckolib3)]
[28May2025 01:52:55.389] [main/DEBUG] [mixin/]: Adding mixin platform agents for container SecureJarResource(xaerominimap)
[28May2025 01:52:55.389] [main/DEBUG] [mixin/]: Instancing new MixinPlatformAgentMinecraftForge for SecureJarResource(xaerominimap)
[28May2025 01:52:55.389] [main/DEBUG] [mixin/]: MixinPlatformAgentMinecraftForge rejected container SecureJarResource(xaerominimap)
[28May2025 01:52:55.389] [main/DEBUG] [mixin/]: Instancing new MixinPlatformAgentDefault for SecureJarResource(xaerominimap)
[28May2025 01:52:55.389] [main/DEBUG] [mixin/]: MixinPlatformAgentDefault accepted container SecureJarResource(xaerominimap)
[28May2025 01:52:55.389] [main/DEBUG] [mixin/]: Processing prepare() for PlatformAgent[MixinPlatformAgentDefault:SecureJarResource(xaerominimap)]
[28May2025 01:52:55.389] [main/DEBUG] [mixin/]: Adding mixin platform agents for container SecureJarResource(modernfix)
[28May2025 01:52:55.390] [main/DEBUG] [mixin/]: Instancing new MixinPlatformAgentMinecraftForge for SecureJarResource(modernfix)
[28May2025 01:52:55.390] [main/DEBUG] [mixin/]: MixinPlatformAgentMinecraftForge rejected container SecureJarResource(modernfix)
[28May2025 01:52:55.390] [main/DEBUG] [mixin/]: Instancing new MixinPlatformAgentDefault for SecureJarResource(modernfix)
[28May2025 01:52:55.390] [main/DEBUG] [mixin/]: MixinPlatformAgentDefault accepted container SecureJarResource(modernfix)
[28May2025 01:52:55.390] [main/DEBUG] [mixin/]: Processing prepare() for PlatformAgent[MixinPlatformAgentDefault:SecureJarResource(modernfix)]
[28May2025 01:52:55.390] [main/DEBUG] [mixin/]: Registering mixin config: modernfix-common.mixins.json
[28May2025 01:52:55.390] [main/DEBUG] [mixin/]: Registering mixin config: modernfix-forge.mixins.json
[28May2025 01:52:55.390] [main/DEBUG] [mixin/]: Adding mixin platform agents for container SecureJarResource(mixinextras)
[28May2025 01:52:55.390] [main/DEBUG] [mixin/]: Instancing new MixinPlatformAgentMinecraftForge for SecureJarResource(mixinextras)
[28May2025 01:52:55.390] [main/DEBUG] [mixin/]: MixinPlatformAgentMinecraftForge rejected container SecureJarResource(mixinextras)
[28May2025 01:52:55.390] [main/DEBUG] [mixin/]: Instancing new MixinPlatformAgentDefault for SecureJarResource(mixinextras)
[28May2025 01:52:55.390] [main/DEBUG] [mixin/]: MixinPlatformAgentDefault accepted container SecureJarResource(mixinextras)
[28May2025 01:52:55.390] [main/DEBUG] [mixin/]: Processing prepare() for PlatformAgent[MixinPlatformAgentDefault:SecureJarResource(mixinextras)]
[28May2025 01:52:55.390] [main/DEBUG] [mixin/]: Registering mixin config: mixinextras.init.mixins.json
[28May2025 01:52:55.391] [main/DEBUG] [mixin/]: Adding mixin platform agents for container SecureJarResource(MixinExtras)
[28May2025 01:52:55.391] [main/DEBUG] [mixin/]: Instancing new MixinPlatformAgentMinecraftForge for SecureJarResource(MixinExtras)
[28May2025 01:52:55.391] [main/DEBUG] [mixin/]: MixinPlatformAgentMinecraftForge rejected container SecureJarResource(MixinExtras)
[28May2025 01:52:55.391] [main/DEBUG] [mixin/]: Instancing new MixinPlatformAgentDefault for SecureJarResource(MixinExtras)
[28May2025 01:52:55.391] [main/DEBUG] [mixin/]: MixinPlatformAgentDefault accepted container SecureJarResource(MixinExtras)
[28May2025 01:52:55.391] [main/DEBUG] [mixin/]: Processing prepare() for PlatformAgent[MixinPlatformAgentDefault:SecureJarResource(MixinExtras)]
[28May2025 01:52:55.391] [main/DEBUG] [mixin/]: inject() running with 20 agents
[28May2025 01:52:55.391] [main/DEBUG] [mixin/]: Processing inject() for PlatformAgent[MixinPlatformAgentDefault:ModLauncher Root Container(ModLauncher:4f56a0a2)]
[28May2025 01:52:55.391] [main/DEBUG] [mixin/]: Processing inject() for PlatformAgent[MixinPlatformAgentDefault:SecureJarResource(minecraft)]
[28May2025 01:52:55.391] [main/DEBUG] [mixin/]: Processing inject() for PlatformAgent[MixinPlatformAgentDefault:SecureJarResource(skinwalker_overhaul)]
[28May2025 01:52:55.391] [main/DEBUG] [mixin/]: Processing inject() for PlatformAgent[MixinPlatformAgentDefault:SecureJarResource(voicechat)]
[28May2025 01:52:55.391] [main/DEBUG] [mixin/]: Processing inject() for PlatformAgent[MixinPlatformAgentDefault:SecureJarResource(mimic_dweller)]
[28May2025 01:52:55.391] [main/DEBUG] [mixin/]: Processing inject() for PlatformAgent[MixinPlatformAgentDefault:SecureJarResource(lazydfu)]
[28May2025 01:52:55.391] [main/DEBUG] [mixin/]: Processing inject() for PlatformAgent[MixinPlatformAgentDefault:SecureJarResource(starlight)]
[28May2025 01:52:55.391] [main/DEBUG] [mixin/]: Processing inject() for PlatformAgent[MixinPlatformAgentDefault:SecureJarResource(cave_dweller)]
[28May2025 01:52:55.391] [main/DEBUG] [mixin/]: Processing inject() for PlatformAgent[MixinPlatformAgentDefault:SecureJarResource(ferritecore)]
[28May2025 01:52:55.391] [main/DEBUG] [mixin/]: Processing inject() for PlatformAgent[MixinPlatformAgentDefault:SecureJarResource(old_goatman)]
[28May2025 01:52:55.391] [main/DEBUG] [mixin/]: Processing inject() for PlatformAgent[MixinPlatformAgentDefault:SecureJarResource(minecraftcapes)]
[28May2025 01:52:55.391] [main/DEBUG] [mixin/]: Processing inject() for PlatformAgent[MixinPlatformAgentDefault:SecureJarResource(rubidium_extras)]
[28May2025 01:52:55.391] [main/DEBUG] [mixin/]: Processing inject() for PlatformAgent[MixinPlatformAgentDefault:SecureJarResource(forge)]
[28May2025 01:52:55.391] [main/DEBUG] [mixin/]: Processing inject() for PlatformAgent[MixinPlatformAgentDefault:SecureJarResource(rubidium)]
[28May2025 01:52:55.391] [main/DEBUG] [mixin/]: Processing inject() for PlatformAgent[MixinPlatformAgentDefault:SecureJarResource(yeetusexperimentus)]
[28May2025 01:52:55.391] [main/DEBUG] [mixin/]: Processing inject() for PlatformAgent[MixinPlatformAgentDefault:SecureJarResource(geckolib3)]
[28May2025 01:52:55.391] [main/DEBUG] [mixin/]: Processing inject() for PlatformAgent[MixinPlatformAgentDefault:SecureJarResource(xaerominimap)]
[28May2025 01:52:55.391] [main/DEBUG] [mixin/]: Processing inject() for PlatformAgent[MixinPlatformAgentDefault:SecureJarResource(modernfix)]
[28May2025 01:52:55.391] [main/DEBUG] [mixin/]: Processing inject() for PlatformAgent[MixinPlatformAgentDefault:SecureJarResource(mixinextras)]
[28May2025 01:52:55.391] [main/DEBUG] [mixin/]: Processing inject() for PlatformAgent[MixinPlatformAgentDefault:SecureJarResource(MixinExtras)]
[28May2025 01:52:55.401] [main/DEBUG] [mixin/]: Error cleaning class output directory: .mixin.out
[28May2025 01:52:55.401] [main/DEBUG] [mixin/]: Preparing mixins for MixinEnvironment[PREINIT]
[28May2025 01:52:55.403] [main/INFO] [mixin/]: Successfully loaded Mixin Connector [ca.spottedleaf.starlight.mixin.MixinConnector]
[28May2025 01:52:55.403] [main/INFO] [cpw.mods.modlauncher.LaunchServiceHandler/MODLAUNCHER]: Launching target 'forgeserver' with arguments []
[28May2025 01:52:55.404] [main/DEBUG] [mixin/]: Preparing mixins for MixinEnvironment[DEFAULT]
[28May2025 01:52:55.404] [main/DEBUG] [mixin/]: Selecting config skinwalker_overhaul.mixins.json
[28May2025 01:52:55.405] [main/DEBUG] [mixin/]: Selecting config lazydfu.mixins.json
[28May2025 01:52:55.405] [main/DEBUG] [mixin/]: Selecting config starlight.mixins.json
[28May2025 01:52:55.406] [main/DEBUG] [mixin/]: Selecting config cave_dweller.mixins.json
[28May2025 01:52:55.406] [main/DEBUG] [mixin/]: Selecting config ferritecore.predicates.mixin.json
[28May2025 01:52:55.411] [main/DEBUG] [mixin/]: Selecting config ferritecore.fastmap.mixin.json
[28May2025 01:52:55.411] [main/DEBUG] [mixin/]: Selecting config ferritecore.mrl.mixin.json
[28May2025 01:52:55.412] [main/DEBUG] [mixin/]: Selecting config ferritecore.dedupmultipart.mixin.json
[28May2025 01:52:55.412] [main/DEBUG] [mixin/]: Selecting config ferritecore.blockstatecache.mixin.json
[28May2025 01:52:55.413] [main/DEBUG] [mixin/]: Selecting config ferritecore.dedupbakedquad.mixin.json
[28May2025 01:52:55.413] [main/DEBUG] [mixin/]: Selecting config ferritecore.threaddetec.mixin.json
[28May2025 01:52:55.414] [main/DEBUG] [mixin/]: Selecting config old_goatman.mixins.json
[28May2025 01:52:55.414] [main/DEBUG] [mixin/]: Selecting config minecraftcapes.mixin.json
[28May2025 01:52:55.414] [main/DEBUG] [mixin/]: Selecting config rubidium_extras.mixins.json
[28May2025 01:52:55.415] [main/DEBUG] [mixin/]: Selecting config rubidium.mixins.json
[28May2025 01:52:55.418] [main/INFO] [Rubidium/]: Loaded configuration file for Rubidium: 30 options available, 0 override(s) found
[28May2025 01:52:55.419] [main/DEBUG] [mixin/]: Selecting config rubidium.compat.mixins.json
[28May2025 01:52:55.419] [main/DEBUG] [mixin/]: Selecting config yeetusexperimentus.mixins.json
[28May2025 01:52:55.419] [main/DEBUG] [mixin/]: Selecting config modernfix-common.mixins.json
[28May2025 01:52:55.440] [main/WARN] [ModernFixConfig/]: ModelDataManager bugfixes have been disabled to prevent broken rendering with Rubidium installed. Please migrate to Embeddium.
[28May2025 01:52:55.441] [main/INFO] [ModernFix/]: Loaded configuration file for ModernFix 5.18.1+mc1.19.2: 87 options available, 1 override(s) found
[28May2025 01:52:55.441] [main/WARN] [ModernFix/]: Option 'mixin.bugfix.model_data_manager_cme' overriden (by mods [rubidium]) to 'false'
[28May2025 01:52:55.442] [main/INFO] [ModernFix/]: Applying Nashorn fix
[28May2025 01:52:55.446] [main/INFO] [ModernFix/]: Applied Forge config corruption patch
[28May2025 01:52:55.447] [main/DEBUG] [mixin/]: Selecting config modernfix-forge.mixins.json
[28May2025 01:52:55.448] [main/DEBUG] [mixin/]: Selecting config mixinextras.init.mixins.json
[28May2025 01:52:55.455] [main/DEBUG] [MixinExtras|Service/]: com.llamalad7.mixinextras.service.MixinExtrasServiceImpl(version=0.3.2) is taking over from null
[28May2025 01:52:55.463] [main/DEBUG] [mixin/]: Registering new injector for @Inject with org.spongepowered.asm.mixin.injection.struct.CallbackInjectionInfo
[28May2025 01:52:55.463] [main/DEBUG] [mixin/]: Registering new injector for @ModifyArg with org.spongepowered.asm.mixin.injection.struct.ModifyArgInjectionInfo
[28May2025 01:52:55.464] [main/DEBUG] [mixin/]: Registering new injector for @ModifyArgs with org.spongepowered.asm.mixin.injection.struct.ModifyArgsInjectionInfo
[28May2025 01:52:55.464] [main/DEBUG] [mixin/]: Registering new injector for @Redirect with org.spongepowered.asm.mixin.injection.struct.RedirectInjectionInfo
[28May2025 01:52:55.465] [main/DEBUG] [mixin/]: Registering new injector for @ModifyVariable with org.spongepowered.asm.mixin.injection.struct.ModifyVariableInjectionInfo
[28May2025 01:52:55.465] [main/DEBUG] [mixin/]: Registering new injector for @ModifyConstant with org.spongepowered.asm.mixin.injection.struct.ModifyConstantInjectionInfo
[28May2025 01:52:55.467] [main/DEBUG] [mixin/]: Preparing skinwalker_overhaul.mixins.json (3)
[28May2025 01:52:55.482] [main/DEBUG] [mixin/]: Preparing lazydfu.mixins.json (1)
[28May2025 01:52:55.482] [main/DEBUG] [mixin/]: Preparing starlight.mixins.json (13)
[28May2025 01:52:55.490] [main/DEBUG] [net.minecraftforge.coremod.transformer.CoreModBaseTransformer/COREMOD]: Transforming net/minecraft/world/level/chunk/LevelChunk
[28May2025 01:52:55.512] [main/DEBUG] [mixin/]: Preparing cave_dweller.mixins.json (3)
[28May2025 01:52:55.513] [main/DEBUG] [mixin/]: Preparing ferritecore.predicates.mixin.json (3)
[28May2025 01:52:55.513] [main/DEBUG] [mixin/]: Preparing ferritecore.fastmap.mixin.json (1)
[28May2025 01:52:55.514] [main/DEBUG] [mixin/]: Preparing ferritecore.mrl.mixin.json (2)
[28May2025 01:52:55.514] [main/DEBUG] [mixin/]: Preparing ferritecore.dedupmultipart.mixin.json (2)
[28May2025 01:52:55.514] [main/DEBUG] [mixin/]: Preparing ferritecore.blockstatecache.mixin.json (8)
[28May2025 01:52:55.517] [main/DEBUG] [mixin/]: @Mixin target net/minecraft/world/level/block/state/BlockBehaviour$BlockStateBase$Cache is public in ferritecore.blockstatecache.mixin.json:BlockStateCacheMixin and should be specified in value
[28May2025 01:52:55.518] [main/DEBUG] [mixin/]: Preparing ferritecore.dedupbakedquad.mixin.json (2)
[28May2025 01:52:55.518] [main/DEBUG] [mixin/]: Preparing ferritecore.threaddetec.mixin.json (1)
[28May2025 01:52:55.518] [main/DEBUG] [mixin/]: Preparing old_goatman.mixins.json (3)
[28May2025 01:52:55.518] [main/DEBUG] [mixin/]: Preparing minecraftcapes.mixin.json (7)
[28May2025 01:52:55.518] [main/DEBUG] [mixin/]: Preparing rubidium_extras.mixins.json (19)
[28May2025 01:52:55.519] [main/DEBUG] [mixin/]: Preparing rubidium.mixins.json (55)
[28May2025 01:52:55.519] [main/DEBUG] [mixin/]: Preparing rubidium.compat.mixins.json (1)
[28May2025 01:52:55.519] [main/DEBUG] [mixin/]: Preparing yeetusexperimentus.mixins.json (3)
[28May2025 01:52:55.520] [main/DEBUG] [mixin/]: Preparing modernfix-common.mixins.json (91)
[28May2025 01:52:55.521] [main/DEBUG] [ModernFix/]: No rules matched mixin 'perf.compact_mojang_registries.MappedRegistryMixin', treating as foreign and disabling!
[28May2025 01:52:55.526] [main/DEBUG] [net.minecraftforge.coremod.transformer.CoreModBaseTransformer/COREMOD]: Transforming net/minecraft/world/item/ItemStack
[28May2025 01:52:55.540] [main/DEBUG] [net.minecraftforge.coremod.transformer.CoreModBaseTransformer/COREMOD]: Transforming net/minecraft/server/MinecraftServer
[28May2025 01:52:55.585] [main/DEBUG] [net.minecraftforge.coremod.transformer.CoreModBaseTransformer/COREMOD]: Transforming net/minecraft/world/level/biome/Biome
[28May2025 01:52:55.598] [main/DEBUG] [mixin/]: Preparing modernfix-forge.mixins.json (50)
[28May2025 01:52:55.616] [main/DEBUG] [mixin/]: Preparing mixinextras.init.mixins.json (0)
[28May2025 01:52:55.624] [main/DEBUG] [net.minecraftforge.coremod.transformer.CoreModBaseTransformer/COREMOD]: Transforming m_78311_ with desc ()V
[28May2025 01:52:55.640] [main/DEBUG] [net.minecraftforge.coremod.transformer.CoreModBaseTransformer/COREMOD]: Transforming net/minecraft/server/MinecraftServer
[28May2025 01:52:55.642] [main/INFO] [MixinExtras|Service/]: Initializing MixinExtras via com.llamalad7.mixinextras.service.MixinExtrasServiceImpl(version=0.3.2).
[28May2025 01:52:55.643] [main/DEBUG] [mixin/]: Registering new injector for @SugarWrapper with com.llamalad7.mixinextras.sugar.impl.SugarWrapperInjectionInfo
[28May2025 01:52:55.643] [main/DEBUG] [mixin/]: Registering new injector for @FactoryRedirectWrapper with com.llamalad7.mixinextras.wrapper.factory.FactoryRedirectWrapperInjectionInfo
[28May2025 01:52:55.644] [main/DEBUG] [mixin/]: Mixing core.MinecraftServerMixin from modernfix-common.mixins.json into net.minecraft.server.MinecraftServer
[28May2025 01:52:55.647] [main/DEBUG] [mixin/]: Mixing perf.dedicated_reload_executor.MinecraftServerMixin from modernfix-common.mixins.json into net.minecraft.server.MinecraftServer
[28May2025 01:52:55.667] [main/DEBUG] [mixin/]: Mixing perf.fix_loop_spin_waiting.BlockableEventLoopMixin from modernfix-common.mixins.json into net.minecraft.util.thread.BlockableEventLoop
[28May2025 01:52:55.673] [main/DEBUG] [mixin/]: Mixing SharedConstantsMixin from lazydfu.mixins.json into net.minecraft.SharedConstants
[28May2025 01:52:55.673] [main/DEBUG] [mixin/]: lazydfu.mixins.json:SharedConstantsMixin: Class version 61 required is higher than the class version supported by the current version of Mixin (JAVA_16 supports class version 60)
[28May2025 01:52:55.677] [main/DEBUG] [io.netty.util.internal.logging.InternalLoggerFactory/]: Using SLF4J as the default logging framework
[28May2025 01:52:55.677] [main/DEBUG] [io.netty.util.ResourceLeakDetector/]: -Dio.netty.leakDetection.level: simple
[28May2025 01:52:55.677] [main/DEBUG] [io.netty.util.ResourceLeakDetector/]: -Dio.netty.leakDetection.targetRecords: 4
[28May2025 01:52:55.693] [main/DEBUG] [mixin/]: Mixing perf.tag_id_caching.TagOrElementLocationMixin from modernfix-forge.mixins.json into net.minecraft.util.ExtraCodecs$TagOrElementLocation
[28May2025 01:52:55.714] [main/DEBUG] [oshi.util.FileUtil/]: No oshi.properties file found from ClassLoader cpw.mods.modlauncher.TransformingClassLoader@56dd6efa
[28May2025 01:52:55.714] [main/DEBUG] [oshi.util.FileUtil/]: No oshi.properties file found from ClassLoader jdk.internal.loader.ClassLoaders$AppClassLoader@5305068a
[28May2025 01:52:55.743] [main/DEBUG] [oshi.util.FileUtil/]: No oshi.architecture.properties file found from ClassLoader cpw.mods.modlauncher.TransformingClassLoader@56dd6efa
[28May2025 01:52:55.744] [main/DEBUG] [oshi.util.FileUtil/]: No oshi.architecture.properties file found from ClassLoader jdk.internal.loader.ClassLoaders$AppClassLoader@5305068a
[28May2025 01:52:56.001] [main/DEBUG] [mixin/]: Mixing perf.thread_priorities.UtilMixin from modernfix-common.mixins.json into net.minecraft.Util
[28May2025 01:52:56.002] [main/DEBUG] [mixin/]: Renaming synthetic method lambda$adjustPriorityOfThreadFactory$0(Ljava/util/concurrent/ForkJoinPool$ForkJoinWorkerThreadFactory;Ljava/util/concurrent/ForkJoinPool;)Ljava/util/concurrent/ForkJoinWorkerThread; to md74f947$lambda$adjustPriorityOfThreadFactory$0$0 in modernfix-common.mixins.json:perf.thread_priorities.UtilMixin
[28May2025 01:52:56.018] [main/DEBUG] [mixin/]: Mixing feature.measure_time.BootstrapMixin from modernfix-common.mixins.json into net.minecraft.server.Bootstrap
[28May2025 01:52:56.020] [main/DEBUG] [mixin/]: Mixing core.BootstrapMixin from modernfix-forge.mixins.json into net.minecraft.server.Bootstrap
[28May2025 01:52:56.031] [main/INFO] [net.minecraft.server.Bootstrap/]: ModernFix reached bootstrap stage (1.935 s after launch)
[28May2025 01:52:56.034] [main/DEBUG] [mixin/]: Mixing perf.mojang_registry_size.MappedRegistryMixin from modernfix-common.mixins.json into net.minecraft.core.MappedRegistry
[28May2025 01:52:56.042] [main/DEBUG] [mixin/]: Mixing perf.mojang_registry_size.ResourceKeyMixin from modernfix-common.mixins.json into net.minecraft.resources.ResourceKey
[28May2025 01:52:56.043] [main/DEBUG] [mixin/]: Renaming synthetic method lambda$createEfficient$0(Lnet/minecraft/resources/ResourceLocation;)Ljava/util/Map; to md74f947$lambda$createEfficient$0$0 in modernfix-common.mixins.json:perf.mojang_registry_size.ResourceKeyMixin
[28May2025 01:52:56.047] [main/DEBUG] [mixin/]: Mixing perf.resource_key_equality.ResourceKeyMixin from modernfix-forge.mixins.json into net.minecraft.resources.ResourceKey
[28May2025 01:52:56.055] [main/DEBUG] [mixin/]: Mixing perf.reduce_blockstate_cache_rebuilds.GameDataMixin from modernfix-forge.mixins.json into net.minecraftforge.registries.GameData
[28May2025 01:52:56.063] [main/DEBUG] [mixin/]: Mixing perf.fast_registry_validation.ForgeRegistryMixin from modernfix-forge.mixins.json into net.minecraftforge.registries.ForgeRegistry
[28May2025 01:52:56.065] [main/DEBUG] [mixin/]: Mixing perf.forge_registry_alloc.ForgeRegistryMixin from modernfix-forge.mixins.json into net.minecraftforge.registries.ForgeRegistry
[28May2025 01:52:56.074] [main/WARN] [mixin/]: @Final field delegatesByName:Ljava/util/Map; in modernfix-forge.mixins.json:perf.forge_registry_alloc.ForgeRegistryMixin should be final
[28May2025 01:52:56.075] [main/WARN] [mixin/]: @Final field delegatesByValue:Ljava/util/Map; in modernfix-forge.mixins.json:perf.forge_registry_alloc.ForgeRegistryMixin should be final
[28May2025 01:52:56.081] [main/DEBUG] [mixin/]: Mixing perf.reduce_blockstate_cache_rebuilds.BlockCallbacksMixin from modernfix-forge.mixins.json into net.minecraftforge.registries.GameData$BlockCallbacks
[28May2025 01:52:56.084] [main/DEBUG] [mixin/]: Mixing perf.forge_registry_alloc.DelegateHolderMixin from modernfix-forge.mixins.json into net.minecraft.world.level.block.Block
[28May2025 01:52:56.089] [main/DEBUG] [mixin/]: Mixing bugfix.chunk_deadlock.BlockStateBaseMixin from modernfix-common.mixins.json into net.minecraft.world.level.block.state.BlockBehaviour$BlockStateBase
[28May2025 01:52:56.090] [main/DEBUG] [mixin/]: Mixing common.blockstate.BlockStateBaseMixin from starlight.mixins.json into net.minecraft.world.level.block.state.BlockBehaviour$BlockStateBase
[28May2025 01:52:56.091] [main/DEBUG] [mixin/]: Mixing BlockStateBaseMixin from ferritecore.blockstatecache.mixin.json into net.minecraft.world.level.block.state.BlockBehaviour$BlockStateBase
[28May2025 01:52:56.092] [main/DEBUG] [mixin/]: Mixing perf.reduce_blockstate_cache_rebuilds.BlockStateBaseMixin from modernfix-common.mixins.json into net.minecraft.world.level.block.state.BlockBehaviour$BlockStateBase
[28May2025 01:52:56.099] [main/INFO] [ModernFix/]: Injecting BlockStateBase cache population hook into getOpacityIfCached from ca.spottedleaf.starlight.mixin.common.blockstate.BlockStateBaseMixin
[28May2025 01:52:56.099] [main/INFO] [ModernFix/]: Injecting BlockStateBase cache population hook into isConditionallyFullOpaque from ca.spottedleaf.starlight.mixin.common.blockstate.BlockStateBaseMixin
[28May2025 01:52:56.101] [main/DEBUG] [mixin/]: Mixing FastMapStateHolderMixin from ferritecore.fastmap.mixin.json into net.minecraft.world.level.block.state.StateHolder
[28May2025 01:52:56.106] [main/DEBUG] [mixin/]: Mixing perf.model_optimizations.PropertyMixin from modernfix-common.mixins.json into net.minecraft.world.level.block.state.properties.Property
[28May2025 01:52:56.114] [main/DEBUG] [mixin/]: Mixing MixinLivingEntity from skinwalker_overhaul.mixins.json into net.minecraft.world.entity.LivingEntity
[28May2025 01:52:56.119] [main/DEBUG] [mixin/]: Mixing MixinLivingEntity from cave_dweller.mixins.json into net.minecraft.world.entity.LivingEntity
[28May2025 01:52:56.120] [main/DEBUG] [mixin/]: Mixing MixinLivingEntity from old_goatman.mixins.json into net.minecraft.world.entity.LivingEntity
[28May2025 01:52:56.120] [main/DEBUG] [mixin/]: Mixing perf.forge_cap_retrieval.LivingEntityMixin from modernfix-forge.mixins.json into net.minecraft.world.entity.LivingEntity
[28May2025 01:52:56.144] [main/DEBUG] [net.minecraftforge.coremod.transformer.CoreModBaseTransformer/COREMOD]: Transforming net/minecraft/server/level/ServerPlayer
[28May2025 01:52:56.149] [main/DEBUG] [net.minecraftforge.coremod.transformer.CoreModBaseTransformer/COREMOD]: Transforming m_36170_ with desc (Lnet/minecraft/world/entity/player/PlayerModelPart;)Z
[28May2025 01:52:56.154] [main/DEBUG] [mixin/]: Mixing perf.model_optimizations.BooleanPropertyMixin from modernfix-common.mixins.json into net.minecraft.world.level.block.state.properties.BooleanProperty
[28May2025 01:52:56.157] [main/DEBUG] [mixin/]: Mixing common.world.LevelMixin from starlight.mixins.json into net.minecraft.world.level.Level
[28May2025 01:52:56.163] [main/DEBUG] [mixin/]: Mixing common.world.ServerWorldMixin from starlight.mixins.json into net.minecraft.server.level.ServerLevel
[28May2025 01:52:56.166] [main/DEBUG] [mixin/]: Mixing bugfix.chunk_deadlock.ServerLevelMixin from modernfix-common.mixins.json into net.minecraft.server.level.ServerLevel
[28May2025 01:52:56.166] [main/DEBUG] [mixin/]: Mixing perf.cache_strongholds.ServerLevelMixin from modernfix-common.mixins.json into net.minecraft.server.level.ServerLevel
[28May2025 01:52:56.177] [main/DEBUG] [net.minecraftforge.coremod.transformer.CoreModBaseTransformer/COREMOD]: Transforming m_36170_ with desc (Lnet/minecraft/world/entity/player/PlayerModelPart;)Z
[28May2025 01:52:56.185] [main/DEBUG] [mixin/]: Mixing perf.fast_forge_dummies.NamespacedHolderHelperMixin from modernfix-forge.mixins.json into net.minecraftforge.registries.NamespacedHolderHelper
[28May2025 01:52:56.188] [main/DEBUG] [mixin/]: Mixing perf.forge_registry_alloc.DelegateHolderMixin from modernfix-forge.mixins.json into net.minecraft.world.item.Item
[28May2025 01:52:56.194] [main/DEBUG] [mixin/]: Mixing perf.dynamic_dfu.BlockEntityTypeMixin from modernfix-common.mixins.json into net.minecraft.world.level.block.entity.BlockEntityType
[28May2025 01:52:56.211] [main/DEBUG] [net.minecraftforge.coremod.transformer.CoreModBaseTransformer/COREMOD]: Transforming net/minecraft/world/level/levelgen/structure/Structure
[28May2025 01:52:56.237] [main/DEBUG] [mixin/]: Mixing perf.reduce_blockstate_cache_rebuilds.BlocksMixin from modernfix-common.mixins.json into net.minecraft.world.level.block.Blocks
[28May2025 01:52:56.237] [main/DEBUG] [mixin/]: Renaming synthetic method lambda$getEmptyConsumer$0(Ljava/lang/Object;)V to md74f947$lambda$getEmptyConsumer$0$0 in modernfix-common.mixins.json:perf.reduce_blockstate_cache_rebuilds.BlocksMixin
[28May2025 01:52:56.248] [main/DEBUG] [net.minecraftforge.coremod.transformer.CoreModBaseTransformer/COREMOD]: Transforming net/minecraft/world/level/block/LiquidBlock
[28May2025 01:52:56.259] [main/DEBUG] [net.minecraftforge.coremod.transformer.CoreModBaseTransformer/COREMOD]: Transforming net/minecraft/world/level/block/StairBlock
[28May2025 01:52:56.280] [main/DEBUG] [mixin/]: Mixing perf.deduplicate_wall_shapes.WallBlockMixin from modernfix-common.mixins.json into net.minecraft.world.level.block.WallBlock
[28May2025 01:52:56.285] [main/DEBUG] [net.minecraftforge.coremod.transformer.CoreModBaseTransformer/COREMOD]: Transforming net/minecraft/world/level/block/FlowerPotBlock
[28May2025 01:52:56.376] [main/DEBUG] [mixin/]: Mixing perf.state_definition_construct.StateDefinitionMixin from modernfix-common.mixins.json into net.minecraft.world.level.block.state.StateDefinition
[28May2025 01:52:56.395] [main/DEBUG] [mixin/]: Mixing DiscreteVSAccess from ferritecore.blockstatecache.mixin.json into net.minecraft.world.phys.shapes.DiscreteVoxelShape
[28May2025 01:52:56.398] [main/DEBUG] [mixin/]: Mixing BitSetDVSAccess from ferritecore.blockstatecache.mixin.json into net.minecraft.world.phys.shapes.BitSetDiscreteVoxelShape
[28May2025 01:52:56.398] [main/DEBUG] [mixin/]: Mixing VoxelShapeAccess from ferritecore.blockstatecache.mixin.json into net.minecraft.world.phys.shapes.VoxelShape
[28May2025 01:52:56.399] [main/DEBUG] [mixin/]: Mixing ArrayVSAccess from ferritecore.blockstatecache.mixin.json into net.minecraft.world.phys.shapes.ArrayVoxelShape
[28May2025 01:52:56.400] [main/DEBUG] [mixin/]: Mixing SliceShapeAccess from ferritecore.blockstatecache.mixin.json into net.minecraft.world.phys.shapes.SliceShape
[28May2025 01:52:56.407] [main/INFO] [net.minecraft.server.Bootstrap/]: Vanilla bootstrap took 374 milliseconds
[28May2025 01:52:56.411] [main/DEBUG] [io.netty.util.internal.PlatformDependent0/]: -Dio.netty.noUnsafe: false
[28May2025 01:52:56.411] [main/DEBUG] [io.netty.util.internal.PlatformDependent0/]: Java version: 24
[28May2025 01:52:56.412] [main/DEBUG] [io.netty.util.internal.PlatformDependent0/]: sun.misc.Unsafe.theUnsafe: available
[28May2025 01:52:56.412] [main/DEBUG] [io.netty.util.internal.PlatformDependent0/]: sun.misc.Unsafe.copyMemory: available
[28May2025 01:52:56.412] [main/DEBUG] [io.netty.util.internal.PlatformDependent0/]: sun.misc.Unsafe.storeFence: available
[28May2025 01:52:56.412] [main/DEBUG] [io.netty.util.internal.PlatformDependent0/]: java.nio.Buffer.address: available
[28May2025 01:52:56.412] [main/DEBUG] [io.netty.util.internal.PlatformDependent0/]: direct buffer constructor: unavailable
java.lang.NoSuchMethodException: java.nio.DirectByteBuffer.<init>(long,int)
	at java.lang.Class.getConstructor0(Class.java:3218) ~[?:?]
	at java.lang.Class.getDeclaredConstructor(Class.java:2493) ~[?:?]
	at io.netty.util.internal.PlatformDependent0$5.run(PlatformDependent0.java:286) ~[netty-common-4.1.77.Final.jar%2387!/:4.1.77.Final]
	at java.security.AccessController.doPrivileged(AccessController.java:74) ~[?:?]
	at io.netty.util.internal.PlatformDependent0.<clinit>(PlatformDependent0.java:281) ~[netty-common-4.1.77.Final.jar%2387!/:4.1.77.Final]
	at io.netty.util.internal.PlatformDependent.isAndroid(PlatformDependent.java:294) ~[netty-common-4.1.77.Final.jar%2387!/:4.1.77.Final]
	at io.netty.util.internal.PlatformDependent.<clinit>(PlatformDependent.java:88) ~[netty-common-4.1.77.Final.jar%2387!/:4.1.77.Final]
	at io.netty.util.ConstantPool.<init>(ConstantPool.java:34) ~[netty-common-4.1.77.Final.jar%2387!/:4.1.77.Final]
	at io.netty.util.AttributeKey$1.<init>(AttributeKey.java:27) ~[netty-common-4.1.77.Final.jar%2387!/:4.1.77.Final]
	at io.netty.util.AttributeKey.<clinit>(AttributeKey.java:27) ~[netty-common-4.1.77.Final.jar%2387!/:4.1.77.Final]
	at net.minecraftforge.network.NetworkConstants.<clinit>(NetworkConstants.java:34) ~[forge-1.19.2-43.5.0-universal.jar%23135!/:?]
	at net.minecraft.server.Bootstrap.handler$zdc000$doClassloadHack(Bootstrap.java:1034) ~[server-1.19.2-20220805.130853-srg.jar%23130!/:?]
	at net.minecraft.server.Bootstrap.m_135870_(Bootstrap.java:67) ~[server-1.19.2-20220805.130853-srg.jar%23130!/:?]
	at net.minecraftforge.registries.ForgeRegistries.init(ForgeRegistries.java:205) ~[forge-1.19.2-43.5.0-universal.jar%23135!/:?]
	at net.minecraftforge.registries.ForgeRegistries.<clinit>(ForgeRegistries.java:60) ~[forge-1.19.2-43.5.0-universal.jar%23135!/:?]
	at net.minecraft.world.level.block.LiquidBlock.<init>(LiquidBlock.java:53) ~[server-1.19.2-20220805.130853-srg.jar%23130!/:?]
	at net.minecraft.world.level.block.Blocks.<clinit>(Blocks.java:67) ~[server-1.19.2-20220805.130853-srg.jar%23130!/:?]
	at net.minecraft.world.level.levelgen.carver.CarverDebugSettings.<clinit>(CarverDebugSettings.java:9) ~[server-1.19.2-20220805.130853-srg.jar%23130!/:?]
	at net.minecraft.world.level.levelgen.carver.CarverConfiguration.m_224838_(CarverConfiguration.java:20) ~[server-1.19.2-20220805.130853-srg.jar%23130!/:?]
	at com.mojang.serialization.codecs.RecordCodecBuilder.mapCodec(RecordCodecBuilder.java:76) ~[datafixerupper-5.0.28.jar%2381!/:?]
	at net.minecraft.world.level.levelgen.carver.CarverConfiguration.<clinit>(CarverConfiguration.java:16) ~[server-1.19.2-20220805.130853-srg.jar%23130!/:?]
	at net.minecraft.world.level.levelgen.carver.WorldCarver.<clinit>(WorldCarver.java:32) ~[server-1.19.2-20220805.130853-srg.jar%23130!/:?]
	at net.minecraft.data.worldgen.Carvers.<clinit>(Carvers.java:21) ~[server-1.19.2-20220805.130853-srg.jar%23130!/:?]
	at net.minecraft.data.BuiltinRegistries.m_236012_(BuiltinRegistries.java:53) ~[server-1.19.2-20220805.130853-srg.jar%23130!/:?]
	at net.minecraft.data.BuiltinRegistries.m_236009_(BuiltinRegistries.java:87) ~[server-1.19.2-20220805.130853-srg.jar%23130!/:?]
	at net.minecraft.data.BuiltinRegistries.m_236004_(BuiltinRegistries.java:114) ~[server-1.19.2-20220805.130853-srg.jar%23130!/:?]
	at java.util.LinkedHashMap.forEach(LinkedHashMap.java:987) ~[?:?]
	at net.minecraft.data.BuiltinRegistries.<clinit>(BuiltinRegistries.java:113) ~[server-1.19.2-20220805.130853-srg.jar%23130!/:?]
	at net.minecraft.core.Registry.<clinit>(Registry.java:665) ~[server-1.19.2-20220805.130853-srg.jar%23130!/:?]
	at net.minecraft.server.Bootstrap.m_135870_(Bootstrap.java:43) ~[server-1.19.2-20220805.130853-srg.jar%23130!/:?]
	at net.minecraft.server.Main.main(Main.java:110) ~[server-1.19.2-20220805.130853-srg.jar%23130!/:?]
	at jdk.internal.reflect.DirectMethodHandleAccessor.invoke(DirectMethodHandleAccessor.java:104) ~[?:?]
	at java.lang.reflect.Method.invoke(Method.java:565) ~[?:?]
	at net.minecraftforge.fml.loading.targets.CommonServerLaunchHandler.lambda$launchService$0(CommonServerLaunchHandler.java:29) ~[fmlloader-1.19.2-43.5.0.jar%2373!/:?]
	at cpw.mods.modlauncher.LaunchServiceHandlerDecorator.launch(LaunchServiceHandlerDecorator.java:30) ~[modlauncher-10.0.8.jar%2355!/:?]
	at cpw.mods.modlauncher.LaunchServiceHandler.launch(LaunchServiceHandler.java:53) ~[modlauncher-10.0.8.jar%2355!/:?]
	at cpw.mods.modlauncher.LaunchServiceHandler.launch(LaunchServiceHandler.java:71) ~[modlauncher-10.0.8.jar%2355!/:?]
	at cpw.mods.modlauncher.Launcher.run(Launcher.java:106) ~[modlauncher-10.0.8.jar%2355!/:?]
	at cpw.mods.modlauncher.Launcher.main(Launcher.java:77) ~[modlauncher-10.0.8.jar%2355!/:?]
	at cpw.mods.modlauncher.BootstrapLaunchConsumer.accept(BootstrapLaunchConsumer.java:26) ~[modlauncher-10.0.8.jar%2355!/:?]
	at cpw.mods.modlauncher.BootstrapLaunchConsumer.accept(BootstrapLaunchConsumer.java:23) ~[modlauncher-10.0.8.jar%2355!/:?]
	at cpw.mods.bootstraplauncher.BootstrapLauncher.main(BootstrapLauncher.java:141) ~[bootstraplauncher-1.1.2.jar:?]
[28May2025 01:52:56.413] [main/DEBUG] [io.netty.util.internal.PlatformDependent0/]: java.nio.Bits.unaligned: available, true
[28May2025 01:52:56.413] [main/DEBUG] [io.netty.util.internal.PlatformDependent0/]: jdk.internal.misc.Unsafe.allocateUninitializedArray(int): unavailable
java.lang.IllegalAccessException: class io.netty.util.internal.PlatformDependent0$7 (in module io.netty.common) cannot access class jdk.internal.misc.Unsafe (in module java.base) because module java.base does not export jdk.internal.misc to module io.netty.common
	at jdk.internal.reflect.Reflection.newIllegalAccessException(Reflection.java:400) ~[?:?]
	at java.lang.reflect.AccessibleObject.checkAccess(AccessibleObject.java:670) ~[?:?]
	at java.lang.reflect.Method.invoke(Method.java:556) ~[?:?]
	at io.netty.util.internal.PlatformDependent0$7.run(PlatformDependent0.java:409) ~[netty-common-4.1.77.Final.jar%2387!/:4.1.77.Final]
	at java.security.AccessController.doPrivileged(AccessController.java:74) ~[?:?]
	at io.netty.util.internal.PlatformDependent0.<clinit>(PlatformDependent0.java:400) ~[netty-common-4.1.77.Final.jar%2387!/:4.1.77.Final]
	at io.netty.util.internal.PlatformDependent.isAndroid(PlatformDependent.java:294) ~[netty-common-4.1.77.Final.jar%2387!/:4.1.77.Final]
	at io.netty.util.internal.PlatformDependent.<clinit>(PlatformDependent.java:88) ~[netty-common-4.1.77.Final.jar%2387!/:4.1.77.Final]
	at io.netty.util.ConstantPool.<init>(ConstantPool.java:34) ~[netty-common-4.1.77.Final.jar%2387!/:4.1.77.Final]
	at io.netty.util.AttributeKey$1.<init>(AttributeKey.java:27) ~[netty-common-4.1.77.Final.jar%2387!/:4.1.77.Final]
	at io.netty.util.AttributeKey.<clinit>(AttributeKey.java:27) ~[netty-common-4.1.77.Final.jar%2387!/:4.1.77.Final]
	at net.minecraftforge.network.NetworkConstants.<clinit>(NetworkConstants.java:34) ~[forge-1.19.2-43.5.0-universal.jar%23135!/:?]
	at net.minecraft.server.Bootstrap.handler$zdc000$doClassloadHack(Bootstrap.java:1034) ~[server-1.19.2-20220805.130853-srg.jar%23130!/:?]
	at net.minecraft.server.Bootstrap.m_135870_(Bootstrap.java:67) ~[server-1.19.2-20220805.130853-srg.jar%23130!/:?]
	at net.minecraftforge.registries.ForgeRegistries.init(ForgeRegistries.java:205) ~[forge-1.19.2-43.5.0-universal.jar%23135!/:?]
	at net.minecraftforge.registries.ForgeRegistries.<clinit>(ForgeRegistries.java:60) ~[forge-1.19.2-43.5.0-universal.jar%23135!/:?]
	at net.minecraft.world.level.block.LiquidBlock.<init>(LiquidBlock.java:53) ~[server-1.19.2-20220805.130853-srg.jar%23130!/:?]
	at net.minecraft.world.level.block.Blocks.<clinit>(Blocks.java:67) ~[server-1.19.2-20220805.130853-srg.jar%23130!/:?]
	at net.minecraft.world.level.levelgen.carver.CarverDebugSettings.<clinit>(CarverDebugSettings.java:9) ~[server-1.19.2-20220805.130853-srg.jar%23130!/:?]
	at net.minecraft.world.level.levelgen.carver.CarverConfiguration.m_224838_(CarverConfiguration.java:20) ~[server-1.19.2-20220805.130853-srg.jar%23130!/:?]
	at com.mojang.serialization.codecs.RecordCodecBuilder.mapCodec(RecordCodecBuilder.java:76) ~[datafixerupper-5.0.28.jar%2381!/:?]
	at net.minecraft.world.level.levelgen.carver.CarverConfiguration.<clinit>(CarverConfiguration.java:16) ~[server-1.19.2-20220805.130853-srg.jar%23130!/:?]
	at net.minecraft.world.level.levelgen.carver.WorldCarver.<clinit>(WorldCarver.java:32) ~[server-1.19.2-20220805.130853-srg.jar%23130!/:?]
	at net.minecraft.data.worldgen.Carvers.<clinit>(Carvers.java:21) ~[server-1.19.2-20220805.130853-srg.jar%23130!/:?]
	at net.minecraft.data.BuiltinRegistries.m_236012_(BuiltinRegistries.java:53) ~[server-1.19.2-20220805.130853-srg.jar%23130!/:?]
	at net.minecraft.data.BuiltinRegistries.m_236009_(BuiltinRegistries.java:87) ~[server-1.19.2-20220805.130853-srg.jar%23130!/:?]
	at net.minecraft.data.BuiltinRegistries.m_236004_(BuiltinRegistries.java:114) ~[server-1.19.2-20220805.130853-srg.jar%23130!/:?]
	at java.util.LinkedHashMap.forEach(LinkedHashMap.java:987) ~[?:?]
	at net.minecraft.data.BuiltinRegistries.<clinit>(BuiltinRegistries.java:113) ~[server-1.19.2-20220805.130853-srg.jar%23130!/:?]
	at net.minecraft.core.Registry.<clinit>(Registry.java:665) ~[server-1.19.2-20220805.130853-srg.jar%23130!/:?]
	at net.minecraft.server.Bootstrap.m_135870_(Bootstrap.java:43) ~[server-1.19.2-20220805.130853-srg.jar%23130!/:?]
	at net.minecraft.server.Main.main(Main.java:110) ~[server-1.19.2-20220805.130853-srg.jar%23130!/:?]
	at jdk.internal.reflect.DirectMethodHandleAccessor.invoke(DirectMethodHandleAccessor.java:104) ~[?:?]
	at java.lang.reflect.Method.invoke(Method.java:565) ~[?:?]
	at net.minecraftforge.fml.loading.targets.CommonServerLaunchHandler.lambda$launchService$0(CommonServerLaunchHandler.java:29) ~[fmlloader-1.19.2-43.5.0.jar%2373!/:?]
	at cpw.mods.modlauncher.LaunchServiceHandlerDecorator.launch(LaunchServiceHandlerDecorator.java:30) ~[modlauncher-10.0.8.jar%2355!/:?]
	at cpw.mods.modlauncher.LaunchServiceHandler.launch(LaunchServiceHandler.java:53) ~[modlauncher-10.0.8.jar%2355!/:?]
	at cpw.mods.modlauncher.LaunchServiceHandler.launch(LaunchServiceHandler.java:71) ~[modlauncher-10.0.8.jar%2355!/:?]
	at cpw.mods.modlauncher.Launcher.run(Launcher.java:106) ~[modlauncher-10.0.8.jar%2355!/:?]
	at cpw.mods.modlauncher.Launcher.main(Launcher.java:77) ~[modlauncher-10.0.8.jar%2355!/:?]
	at cpw.mods.modlauncher.BootstrapLaunchConsumer.accept(BootstrapLaunchConsumer.java:26) ~[modlauncher-10.0.8.jar%2355!/:?]
	at cpw.mods.modlauncher.BootstrapLaunchConsumer.accept(BootstrapLaunchConsumer.java:23) ~[modlauncher-10.0.8.jar%2355!/:?]
	at cpw.mods.bootstraplauncher.BootstrapLauncher.main(BootstrapLauncher.java:141) ~[bootstraplauncher-1.1.2.jar:?]
[28May2025 01:52:56.413] [main/DEBUG] [io.netty.util.internal.PlatformDependent0/]: java.nio.DirectByteBuffer.<init>(long, int): unavailable
[28May2025 01:52:56.413] [main/DEBUG] [io.netty.util.internal.PlatformDependent/]: sun.misc.Unsafe: available
[28May2025 01:52:56.414] [main/DEBUG] [io.netty.util.internal.PlatformDependent/]: maxDirectMemory: 4294967296 bytes (maybe)
[28May2025 01:52:56.414] [main/DEBUG] [io.netty.util.internal.PlatformDependent/]: -Dio.netty.tmpdir: /var/folders/jq/nn2nwg9x4z9dtss46n2n9r2m0000gp/T (java.io.tmpdir)
[28May2025 01:52:56.414] [main/DEBUG] [io.netty.util.internal.PlatformDependent/]: -Dio.netty.bitMode: 64 (sun.arch.data.model)
[28May2025 01:52:56.414] [main/DEBUG] [io.netty.util.internal.PlatformDependent/]: Platform: MacOS
[28May2025 01:52:56.414] [main/DEBUG] [io.netty.util.internal.PlatformDependent/]: -Dio.netty.maxDirectMemory: -1 bytes
[28May2025 01:52:56.414] [main/DEBUG] [io.netty.util.internal.PlatformDependent/]: -Dio.netty.uninitializedArrayAllocationThreshold: -1
[28May2025 01:52:56.414] [main/DEBUG] [io.netty.util.internal.CleanerJava9/]: java.nio.ByteBuffer.cleaner(): available
[28May2025 01:52:56.414] [main/DEBUG] [io.netty.util.internal.PlatformDependent/]: -Dio.netty.noPreferDirect: false
[28May2025 01:52:56.503] [main/DEBUG] [net.minecraftforge.coremod.transformer.CoreModBaseTransformer/COREMOD]: Transforming net/minecraft/world/item/ItemStack
[28May2025 01:52:56.503] [main/DEBUG] [mixin/]: Mixing bugfix.item_cache_flag.ItemStackMixin from modernfix-common.mixins.json into net.minecraft.world.item.ItemStack
[28May2025 01:52:56.614] [main/DEBUG] [mixin/]: Mixing perf.nbt_memory_usage.CompoundTagMixin from modernfix-common.mixins.json into net.minecraft.nbt.CompoundTag
[28May2025 01:52:56.618] [main/DEBUG] [mixin/]: Mixing perf.nbt_memory_usage.CompoundTag1Mixin from modernfix-common.mixins.json into net.minecraft.nbt.CompoundTag$1
[28May2025 01:52:56.633] [main/DEBUG] [mixin/]: Mixing MixinPathNavigation from skinwalker_overhaul.mixins.json into net.minecraft.world.entity.ai.navigation.PathNavigation
[28May2025 01:52:56.633] [main/DEBUG] [mixin/]: Mixing MixinPathNavigation from cave_dweller.mixins.json into net.minecraft.world.entity.ai.navigation.PathNavigation
[28May2025 01:52:56.633] [main/DEBUG] [mixin/]: Mixing MixinPathNavigation from old_goatman.mixins.json into net.minecraft.world.entity.ai.navigation.PathNavigation
[28May2025 01:52:56.635] [main/DEBUG] [mixin/]: Mixing MixinGroundPathNavigation from skinwalker_overhaul.mixins.json into net.minecraft.world.entity.ai.navigation.GroundPathNavigation
[28May2025 01:52:56.636] [main/DEBUG] [mixin/]: Mixing MixinGroundPathNavigation from cave_dweller.mixins.json into net.minecraft.world.entity.ai.navigation.GroundPathNavigation
[28May2025 01:52:56.637] [main/DEBUG] [mixin/]: Mixing MixinGroundPathNavigation from old_goatman.mixins.json into net.minecraft.world.entity.ai.navigation.GroundPathNavigation
[28May2025 01:52:56.642] [main/DEBUG] [mixin/]: Mixing perf.dynamic_dfu.EntityTypeBuilderMixin from modernfix-common.mixins.json into net.minecraft.world.entity.EntityType$Builder
[28May2025 01:52:56.649] [main/DEBUG] [mixin/]: Mixing perf.ticking_chunk_alloc.BatMixin from modernfix-common.mixins.json into net.minecraft.world.entity.ambient.Bat
[28May2025 01:52:56.731] [main/DEBUG] [net.minecraftforge.coremod.transformer.CoreModBaseTransformer/COREMOD]: Transforming net/minecraft/server/level/ServerPlayer
[28May2025 01:52:56.739] [main/DEBUG] [mixin/]: Mixing perf.ticking_chunk_alloc.ChunkAccessMixin from modernfix-common.mixins.json into net.minecraft.world.level.chunk.ChunkAccess
[28May2025 01:52:56.740] [main/DEBUG] [mixin/]: Mixing common.chunk.ChunkAccessMixin from starlight.mixins.json into net.minecraft.world.level.chunk.ChunkAccess
[28May2025 01:52:56.742] [main/DEBUG] [net.minecraftforge.coremod.transformer.CoreModBaseTransformer/COREMOD]: Transforming net/minecraft/world/level/chunk/LevelChunk
[28May2025 01:52:56.742] [main/DEBUG] [mixin/]: Mixing common.chunk.LevelChunkMixin from starlight.mixins.json into net.minecraft.world.level.chunk.LevelChunk
[28May2025 01:52:56.799] [main/DEBUG] [mixin/]: Mixing bugfix.chunk_deadlock.ServerChunkCache_CurrentLoadingMixin from modernfix-forge.mixins.json into net.minecraft.server.level.ServerChunkCache
[28May2025 01:52:56.855] [main/DEBUG] [net.minecraftforge.coremod.transformer.CoreModBaseTransformer/COREMOD]: Transforming net/minecraft/world/level/biome/Biome
[28May2025 01:52:56.856] [main/DEBUG] [mixin/]: Mixing perf.remove_biome_temperature_cache.BiomeMixin from modernfix-common.mixins.json into net.minecraft.world.level.biome.Biome
[28May2025 01:52:56.894] [main/DEBUG] [mixin/]: Mixing perf.faster_structure_location.ChunkGeneratorAccessor from modernfix-common.mixins.json into net.minecraft.world.level.chunk.ChunkGenerator
[28May2025 01:52:56.894] [main/DEBUG] [mixin/]: Mixing perf.cache_strongholds.ChunkGeneratorMixin from modernfix-common.mixins.json into net.minecraft.world.level.chunk.ChunkGenerator
[28May2025 01:52:56.894] [main/DEBUG] [mixin/]: Renaming synthetic method lambda$saveCachedData$0(Ljava/util/List;)Ljava/util/List; to md74f947$lambda$saveCachedData$0$0 in modernfix-common.mixins.json:perf.cache_strongholds.ChunkGeneratorMixin
[28May2025 01:52:56.979] [main/DEBUG] [net.minecraftforge.coremod.transformer.CoreModBaseTransformer/COREMOD]: Transforming net/minecraft/world/item/BucketItem
[28May2025 01:52:57.017] [main/DEBUG] [net.minecraftforge.coremod.transformer.CoreModBaseTransformer/COREMOD]: Transforming net/minecraft/world/effect/MobEffectInstance
[28May2025 01:52:57.045] [main/DEBUG] [mixin/]: Mixing common.lightengine.LevelLightEngineMixin from starlight.mixins.json into net.minecraft.world.level.lighting.LevelLightEngine
[28May2025 01:52:57.045] [main/DEBUG] [mixin/]: Renaming synthetic method lambda$clientUpdateLight$1(J)[Lca/spottedleaf/starlight/common/light/SWMRNibbleArray; to md74f947$lambda$clientUpdateLight$1$0 in starlight.mixins.json:common.lightengine.LevelLightEngineMixin
[28May2025 01:52:57.045] [main/DEBUG] [mixin/]: Renaming synthetic method lambda$clientUpdateLight$0(J)[Lca/spottedleaf/starlight/common/light/SWMRNibbleArray; to md74f947$lambda$clientUpdateLight$0$1 in starlight.mixins.json:common.lightengine.LevelLightEngineMixin
[28May2025 01:52:57.050] [main/DEBUG] [mixin/]: Mixing common.lightengine.ThreadedLevelLightEngineMixin from starlight.mixins.json into net.minecraft.server.level.ThreadedLevelLightEngine
[28May2025 01:52:57.050] [main/DEBUG] [mixin/]: Renaming synthetic method lambda$lightChunk$8(Lnet/minecraft/world/level/ChunkPos;Lnet/minecraft/world/level/chunk/ChunkAccess;Ljava/lang/Throwable;)V to md74f947$lambda$lightChunk$8$0 in starlight.mixins.json:common.lightengine.ThreadedLevelLightEngineMixin
[28May2025 01:52:57.050] [main/DEBUG] [mixin/]: Renaming synthetic method lambda$lightChunk$7(Lnet/minecraft/world/level/ChunkPos;Ljava/lang/Runnable;)V to md74f947$lambda$lightChunk$7$1 in starlight.mixins.json:common.lightengine.ThreadedLevelLightEngineMixin
[28May2025 01:52:57.050] [main/DEBUG] [mixin/]: Renaming synthetic method lambda$lightChunk$6(Lnet/minecraft/world/level/chunk/ChunkAccess;ZLnet/minecraft/world/level/ChunkPos;)Lnet/minecraft/world/level/chunk/ChunkAccess; to md74f947$lambda$lightChunk$6$2 in starlight.mixins.json:common.lightengine.ThreadedLevelLightEngineMixin
[28May2025 01:52:57.050] [main/DEBUG] [mixin/]: Renaming synthetic method lambda$updateSectionStatus$5(Lnet/minecraft/core/SectionPos;Z)Ljava/util/concurrent/CompletableFuture; to md74f947$lambda$updateSectionStatus$5$3 in starlight.mixins.json:common.lightengine.ThreadedLevelLightEngineMixin
[28May2025 01:52:57.050] [main/DEBUG] [mixin/]: Renaming synthetic method lambda$checkBlock$4(Lnet/minecraft/core/BlockPos;)Ljava/util/concurrent/CompletableFuture; to md74f947$lambda$checkBlock$4$4 in starlight.mixins.json:common.lightengine.ThreadedLevelLightEngineMixin
[28May2025 01:52:57.050] [main/DEBUG] [mixin/]: Renaming synthetic method lambda$queueTaskForSection$3(IILjava/lang/Void;Ljava/lang/Throwable;)V to md74f947$lambda$queueTaskForSection$3$5 in starlight.mixins.json:common.lightengine.ThreadedLevelLightEngineMixin
[28May2025 01:52:57.050] [main/DEBUG] [mixin/]: Renaming synthetic method lambda$queueTaskForSection$2(JIILnet/minecraft/server/level/ServerLevel;Ljava/lang/Void;)V to md74f947$lambda$queueTaskForSection$2$6 in starlight.mixins.json:common.lightengine.ThreadedLevelLightEngineMixin
[28May2025 01:52:57.050] [main/DEBUG] [mixin/]: Renaming synthetic method lambda$queueTaskForSection$1(Lnet/minecraft/world/level/chunk/ChunkAccess;Ljava/lang/Void;)Lnet/minecraft/world/level/chunk/ChunkAccess; to md74f947$lambda$queueTaskForSection$1$7 in starlight.mixins.json:common.lightengine.ThreadedLevelLightEngineMixin
[28May2025 01:52:57.050] [main/DEBUG] [mixin/]: Renaming synthetic method lambda$queueTaskForSection$0(IIILjava/util/function/Supplier;)V to md74f947$lambda$queueTaskForSection$0$8 in starlight.mixins.json:common.lightengine.ThreadedLevelLightEngineMixin
[28May2025 01:52:57.055] [main/DEBUG] [mixin/]: Mixing perf.dynamic_structure_manager.StructureManagerMixin from modernfix-common.mixins.json into net.minecraft.world.level.levelgen.structure.templatesystem.StructureTemplateManager
[28May2025 01:52:57.055] [main/DEBUG] [mixin/]: Mixing perf.cache_upgraded_structures.StructureManagerMixin from modernfix-common.mixins.json into net.minecraft.world.level.levelgen.structure.templatesystem.StructureTemplateManager
[28May2025 01:52:57.126] [main/DEBUG] [mixin/]: Mixing core.NetworkHooksMixin from modernfix-forge.mixins.json into net.minecraftforge.network.NetworkHooks
[28May2025 01:52:57.128] [main/DEBUG] [net.minecraftforge.network.NetworkHooks/]: Loading Network data for FML net version: FML3
[28May2025 01:52:57.136] [main/DEBUG] [net.minecraftforge.common.ForgeI18n/CORE]: Loading I18N data entries: 5646
[28May2025 01:52:57.141] [main/DEBUG] [net.minecraftforge.fml.ModWorkManager/LOADING]: Using 14 threads for parallel mod-loading
[28May2025 01:52:57.144] [main/DEBUG] [net.minecraftforge.fml.javafmlmod.FMLJavaModLanguageProvider/LOADING]: Loading FMLModContainer from classloader cpw.mods.modlauncher.TransformingClassLoader@56dd6efa - got cpw.mods.cl.ModuleClassLoader@23eee4b8
[28May2025 01:52:57.145] [main/DEBUG] [net.minecraftforge.fml.javafmlmod.FMLModContainer/LOADING]: Creating FMLModContainer instance for com.llamalad7.mixinextras.platform.forge.MixinExtrasMod
[28May2025 01:52:57.146] [main/DEBUG] [net.minecraftforge.fml.javafmlmod.FMLJavaModLanguageProvider/LOADING]: Loading FMLModContainer from classloader cpw.mods.modlauncher.TransformingClassLoader@56dd6efa - got cpw.mods.cl.ModuleClassLoader@23eee4b8
[28May2025 01:52:57.146] [main/DEBUG] [net.minecraftforge.fml.javafmlmod.FMLModContainer/LOADING]: Creating FMLModContainer instance for de.maxhenkel.voicechat.ForgeVoicechatMod
[28May2025 01:52:57.146] [main/DEBUG] [net.minecraftforge.fml.javafmlmod.FMLJavaModLanguageProvider/LOADING]: Loading FMLModContainer from classloader cpw.mods.modlauncher.TransformingClassLoader@56dd6efa - got cpw.mods.cl.ModuleClassLoader@23eee4b8
[28May2025 01:52:57.146] [main/DEBUG] [net.minecraftforge.fml.javafmlmod.FMLModContainer/LOADING]: Creating FMLModContainer instance for net.mcreator.mimicdweller.MimicDwellerMod
[28May2025 01:52:57.146] [main/DEBUG] [net.minecraftforge.fml.javafmlmod.FMLJavaModLanguageProvider/LOADING]: Loading FMLModContainer from classloader cpw.mods.modlauncher.TransformingClassLoader@56dd6efa - got cpw.mods.cl.ModuleClassLoader@23eee4b8
[28May2025 01:52:57.146] [main/DEBUG] [net.minecraftforge.fml.javafmlmod.FMLModContainer/LOADING]: Creating FMLModContainer instance for me.steinborn.lazydfu.LazyDFU
[28May2025 01:52:57.146] [main/DEBUG] [net.minecraftforge.fml.javafmlmod.FMLJavaModLanguageProvider/LOADING]: Loading FMLModContainer from classloader cpw.mods.modlauncher.TransformingClassLoader@56dd6efa - got cpw.mods.cl.ModuleClassLoader@23eee4b8
[28May2025 01:52:57.146] [main/DEBUG] [net.minecraftforge.fml.javafmlmod.FMLModContainer/LOADING]: Creating FMLModContainer instance for ca.spottedleaf.starlight.Starlight
[28May2025 01:52:57.147] [main/DEBUG] [net.minecraftforge.fml.javafmlmod.FMLJavaModLanguageProvider/LOADING]: Loading FMLModContainer from classloader cpw.mods.modlauncher.TransformingClassLoader@56dd6efa - got cpw.mods.cl.ModuleClassLoader@23eee4b8
[28May2025 01:52:57.147] [main/DEBUG] [net.minecraftforge.fml.javafmlmod.FMLModContainer/LOADING]: Creating FMLModContainer instance for malte0811.ferritecore.ModMainForge
[28May2025 01:52:57.147] [main/DEBUG] [net.minecraftforge.fml.javafmlmod.FMLJavaModLanguageProvider/LOADING]: Loading FMLModContainer from classloader cpw.mods.modlauncher.TransformingClassLoader@56dd6efa - got cpw.mods.cl.ModuleClassLoader@23eee4b8
[28May2025 01:52:57.147] [main/DEBUG] [net.minecraftforge.fml.javafmlmod.FMLModContainer/LOADING]: Creating FMLModContainer instance for net.minecraftcapes.forge.ForgeImplementation
[28May2025 01:52:57.147] [main/DEBUG] [net.minecraftforge.fml.javafmlmod.FMLJavaModLanguageProvider/LOADING]: Loading FMLModContainer from classloader cpw.mods.modlauncher.TransformingClassLoader@56dd6efa - got cpw.mods.cl.ModuleClassLoader@23eee4b8
[28May2025 01:52:57.147] [main/DEBUG] [net.minecraftforge.fml.javafmlmod.FMLModContainer/LOADING]: Creating FMLModContainer instance for vice.rubidium_extras.MagnesiumExtras
[28May2025 01:52:57.147] [main/DEBUG] [net.minecraftforge.fml.javafmlmod.FMLJavaModLanguageProvider/LOADING]: Loading FMLModContainer from classloader cpw.mods.modlauncher.TransformingClassLoader@56dd6efa - got cpw.mods.cl.ModuleClassLoader@23eee4b8
[28May2025 01:52:57.147] [main/DEBUG] [net.minecraftforge.fml.javafmlmod.FMLModContainer/LOADING]: Creating FMLModContainer instance for net.minecraftforge.common.ForgeMod
[28May2025 01:52:57.148] [main/DEBUG] [net.minecraftforge.fml.javafmlmod.FMLJavaModLanguageProvider/LOADING]: Loading FMLModContainer from classloader cpw.mods.modlauncher.TransformingClassLoader@56dd6efa - got cpw.mods.cl.ModuleClassLoader@23eee4b8
[28May2025 01:52:57.148] [main/DEBUG] [net.minecraftforge.fml.javafmlmod.FMLModContainer/LOADING]: Creating FMLModContainer instance for me.jellysquid.mods.sodium.client.SodiumClientMod
[28May2025 01:52:57.148] [main/DEBUG] [net.minecraftforge.fml.javafmlmod.FMLJavaModLanguageProvider/LOADING]: Loading FMLModContainer from classloader cpw.mods.modlauncher.TransformingClassLoader@56dd6efa - got cpw.mods.cl.ModuleClassLoader@23eee4b8
[28May2025 01:52:57.148] [main/DEBUG] [net.minecraftforge.fml.javafmlmod.FMLModContainer/LOADING]: Creating FMLModContainer instance for com.sunekaer.yeetusexperimentus.YeetusExperimentus
[28May2025 01:52:57.148] [main/DEBUG] [net.minecraftforge.fml.javafmlmod.FMLJavaModLanguageProvider/LOADING]: Loading FMLModContainer from classloader cpw.mods.modlauncher.TransformingClassLoader@56dd6efa - got cpw.mods.cl.ModuleClassLoader@23eee4b8
[28May2025 01:52:57.148] [main/DEBUG] [net.minecraftforge.fml.javafmlmod.FMLModContainer/LOADING]: Creating FMLModContainer instance for xaero.minimap.XaeroMinimapForge
[28May2025 01:52:57.149] [main/DEBUG] [net.minecraftforge.fml.javafmlmod.FMLJavaModLanguageProvider/LOADING]: Loading FMLModContainer from classloader cpw.mods.modlauncher.TransformingClassLoader@56dd6efa - got cpw.mods.cl.ModuleClassLoader@23eee4b8
[28May2025 01:52:57.149] [main/DEBUG] [net.minecraftforge.fml.javafmlmod.FMLModContainer/LOADING]: Creating FMLModContainer instance for software.bernie.example.GeckoLibMod
[28May2025 01:52:57.149] [main/DEBUG] [net.minecraftforge.fml.javafmlmod.FMLJavaModLanguageProvider/LOADING]: Loading FMLModContainer from classloader cpw.mods.modlauncher.TransformingClassLoader@56dd6efa - got cpw.mods.cl.ModuleClassLoader@23eee4b8
[28May2025 01:52:57.149] [main/DEBUG] [net.minecraftforge.fml.javafmlmod.FMLModContainer/LOADING]: Creating FMLModContainer instance for de.cadentem.skinwalker_overhaul.SkinwalkerOverhaul
[28May2025 01:52:57.149] [main/DEBUG] [net.minecraftforge.fml.javafmlmod.FMLJavaModLanguageProvider/LOADING]: Loading FMLModContainer from classloader cpw.mods.modlauncher.TransformingClassLoader@56dd6efa - got cpw.mods.cl.ModuleClassLoader@23eee4b8
[28May2025 01:52:57.150] [main/DEBUG] [net.minecraftforge.fml.javafmlmod.FMLModContainer/LOADING]: Creating FMLModContainer instance for de.cadentem.cave_dweller.CaveDweller
[28May2025 01:52:57.150] [main/DEBUG] [net.minecraftforge.fml.javafmlmod.FMLJavaModLanguageProvider/LOADING]: Loading FMLModContainer from classloader cpw.mods.modlauncher.TransformingClassLoader@56dd6efa - got cpw.mods.cl.ModuleClassLoader@23eee4b8
[28May2025 01:52:57.150] [main/DEBUG] [net.minecraftforge.fml.javafmlmod.FMLModContainer/LOADING]: Creating FMLModContainer instance for de.cadentem.old_goatman.OldGoatman
[28May2025 01:52:57.150] [main/DEBUG] [net.minecraftforge.fml.javafmlmod.FMLJavaModLanguageProvider/LOADING]: Loading FMLModContainer from classloader cpw.mods.modlauncher.TransformingClassLoader@56dd6efa - got cpw.mods.cl.ModuleClassLoader@23eee4b8
[28May2025 01:52:57.150] [main/DEBUG] [net.minecraftforge.fml.javafmlmod.FMLModContainer/LOADING]: Creating FMLModContainer instance for org.embeddedt.modernfix.forge.init.ModernFixForge
[28May2025 01:52:57.154] [modloading-worker-0/DEBUG] [net.minecraftforge.fml.javafmlmod.AutomaticEventSubscriber/LOADING]: Attempting to inject @EventBusSubscriber classes into the eventbus for mixinextras
[28May2025 01:52:57.154] [modloading-worker-0/DEBUG] [net.minecraftforge.fml.javafmlmod.AutomaticEventSubscriber/LOADING]: Attempting to inject @EventBusSubscriber classes into the eventbus for starlight
[28May2025 01:52:57.154] [modloading-worker-0/DEBUG] [net.minecraftforge.fml.javafmlmod.AutomaticEventSubscriber/LOADING]: Attempting to inject @EventBusSubscriber classes into the eventbus for lazydfu
[28May2025 01:52:57.154] [modloading-worker-0/DEBUG] [net.minecraftforge.fml.javafmlmod.AutomaticEventSubscriber/LOADING]: Attempting to inject @EventBusSubscriber classes into the eventbus for ferritecore
[28May2025 01:52:57.154] [modloading-worker-0/DEBUG] [net.minecraftforge.fml.javafmlmod.AutomaticEventSubscriber/LOADING]: Attempting to inject @EventBusSubscriber classes into the eventbus for minecraftcapes
[28May2025 01:52:57.154] [modloading-worker-0/DEBUG] [net.minecraftforge.fml.javafmlmod.AutomaticEventSubscriber/LOADING]: Attempting to inject @EventBusSubscriber classes into the eventbus for yeetusexperimentus
[28May2025 01:52:57.156] [modloading-worker-0/DEBUG] [mixin/]: Mixing perf.resourcepacks.ReloadableResourceManagerMixin from modernfix-common.mixins.json into net.minecraft.server.packs.resources.ReloadableResourceManager
[28May2025 01:52:57.156] [modloading-worker-0/DEBUG] [mixin/]: Mixing feature.measure_time.SimpleReloadableResourceManagerMixin from modernfix-common.mixins.json into net.minecraft.server.packs.resources.ReloadableResourceManager
[28May2025 01:52:57.157] [modloading-worker-0/DEBUG] [net.minecraftforge.fml.javafmlmod.AutomaticEventSubscriber/LOADING]: Attempting to inject @EventBusSubscriber classes into the eventbus for rubidium
[28May2025 01:52:57.157] [modloading-worker-0/DEBUG] [net.minecraftforge.fml.javafmlmod.AutomaticEventSubscriber/LOADING]: Attempting to inject @EventBusSubscriber classes into the eventbus for geckolib3
[28May2025 01:52:57.158] [modloading-worker-0/DEBUG] [net.minecraftforge.fml.javafmlmod.AutomaticEventSubscriber/LOADING]: Auto-subscribing software.bernie.example.GeckoLibMod to FORGE
[28May2025 01:52:57.159] [modloading-worker-0/DEBUG] [mixin/]: Mixing perf.forge_registry_lambda.RegistryObjectMixin from modernfix-forge.mixins.json into net.minecraftforge.registries.RegistryObject
[28May2025 01:52:57.159] [modloading-worker-0/DEBUG] [net.minecraftforge.fml.javafmlmod.AutomaticEventSubscriber/LOADING]: Auto-subscribing software.bernie.example.CommonListener to MOD
[28May2025 01:52:57.160] [modloading-worker-0/DEBUG] [net.minecraftforge.fml.javafmlmod.AutomaticEventSubscriber/LOADING]: Attempting to inject @EventBusSubscriber classes into the eventbus for voicechat
[28May2025 01:52:57.163] [modloading-worker-0/DEBUG] [net.minecraftforge.coremod.transformer.CoreModBaseTransformer/COREMOD]: Transforming m_11229_ with desc (Lnet/minecraft/server/level/ServerPlayer;Lnet/minecraft/server/level/ServerLevel;)V
[28May2025 01:52:57.163] [modloading-worker-0/DEBUG] [net.minecraftforge.versions.forge.ForgeVersion/CORE]: Forge Version package package net.minecraftforge.versions.forge, Forge, version 43.5 from cpw.mods.modlauncher.TransformingClassLoader@56dd6efa
[28May2025 01:52:57.164] [modloading-worker-0/DEBUG] [net.minecraftforge.versions.forge.ForgeVersion/CORE]: Found Forge version 43.5.0
[28May2025 01:52:57.164] [modloading-worker-0/DEBUG] [net.minecraftforge.versions.forge.ForgeVersion/CORE]: Found Forge spec 43.5
[28May2025 01:52:57.164] [modloading-worker-0/DEBUG] [net.minecraftforge.versions.forge.ForgeVersion/CORE]: Found Forge group net.minecraftforge
[28May2025 01:52:57.164] [modloading-worker-0/DEBUG] [net.minecraftforge.versions.mcp.MCPVersion/CORE]: MCP Version package package net.minecraftforge.versions.mcp, Minecraft, version 1.19.2 from cpw.mods.modlauncher.TransformingClassLoader@56dd6efa
[28May2025 01:52:57.164] [modloading-worker-0/DEBUG] [net.minecraftforge.versions.mcp.MCPVersion/CORE]: Found MC version information 1.19.2
[28May2025 01:52:57.164] [modloading-worker-0/DEBUG] [net.minecraftforge.versions.mcp.MCPVersion/CORE]: Found MCP version information 20220805.130853
[28May2025 01:52:57.164] [modloading-worker-0/INFO] [net.minecraftforge.common.ForgeMod/FORGEMOD]: Forge mod loading, version 43.5.0, for MC 1.19.2 with MCP 20220805.130853
[28May2025 01:52:57.164] [modloading-worker-0/INFO] [net.minecraftforge.common.MinecraftForge/FORGE]: MinecraftForge v43.5.0 Initialized
[28May2025 01:52:57.165] [modloading-worker-0/DEBUG] [net.minecraftforge.fml.javafmlmod.AutomaticEventSubscriber/LOADING]: Attempting to inject @EventBusSubscriber classes into the eventbus for rubidium_extras
[28May2025 01:52:57.166] [modloading-worker-0/DEBUG] [net.minecraftforge.fml.config.ConfigTracker/CONFIG]: Config file cave_dweller-server.toml for cave_dweller tracking
[28May2025 01:52:57.166] [modloading-worker-0/DEBUG] [net.minecraftforge.fml.config.ConfigTracker/CONFIG]: Config file skinwalker_overhaul-server.toml for skinwalker_overhaul tracking
[28May2025 01:52:57.166] [modloading-worker-0/DEBUG] [net.minecraftforge.fml.javafmlmod.AutomaticEventSubscriber/LOADING]: Attempting to inject @EventBusSubscriber classes into the eventbus for cave_dweller
[28May2025 01:52:57.166] [modloading-worker-0/DEBUG] [net.minecraftforge.fml.javafmlmod.AutomaticEventSubscriber/LOADING]: Attempting to inject @EventBusSubscriber classes into the eventbus for skinwalker_overhaul
[28May2025 01:52:57.166] [modloading-worker-0/DEBUG] [net.minecraftforge.fml.javafmlmod.AutomaticEventSubscriber/LOADING]: Auto-subscribing de.cadentem.cave_dweller.events.ModEvents to MOD
[28May2025 01:52:57.166] [modloading-worker-0/DEBUG] [net.minecraftforge.fml.javafmlmod.AutomaticEventSubscriber/LOADING]: Auto-subscribing de.cadentem.skinwalker_overhaul.events.ModEvents to MOD
[28May2025 01:52:57.166] [modloading-worker-0/DEBUG] [net.minecraftforge.fml.config.ConfigTracker/CONFIG]: Config file old_goatman-server.toml for old_goatman tracking
[28May2025 01:52:57.166] [modloading-worker-0/DEBUG] [net.minecraftforge.fml.javafmlmod.AutomaticEventSubscriber/LOADING]: Attempting to inject @EventBusSubscriber classes into the eventbus for old_goatman
[28May2025 01:52:57.166] [modloading-worker-0/DEBUG] [net.minecraftforge.fml.javafmlmod.AutomaticEventSubscriber/LOADING]: Auto-subscribing de.cadentem.old_goatman.events.ModEvents to MOD
[28May2025 01:52:57.167] [modloading-worker-0/DEBUG] [net.minecraftforge.fml.javafmlmod.AutomaticEventSubscriber/LOADING]: Auto-subscribing de.cadentem.cave_dweller.events.ForgeEvents to FORGE
[28May2025 01:52:57.167] [modloading-worker-0/DEBUG] [net.minecraftforge.fml.javafmlmod.AutomaticEventSubscriber/LOADING]: Auto-subscribing de.cadentem.skinwalker_overhaul.events.ForgeEvents to FORGE
[28May2025 01:52:57.167] [modloading-worker-0/DEBUG] [net.minecraftforge.fml.javafmlmod.AutomaticEventSubscriber/LOADING]: Auto-subscribing de.cadentem.old_goatman.events.ForgeEvents to FORGE
[28May2025 01:52:57.167] [modloading-worker-0/DEBUG] [xaero.hud.minimap.MinimapLogs/]: Loaded xaero.common.platform.services.ForgePlatformHelper@24fffa5c for service interface xaero.common.platform.services.IPlatformHelper
[28May2025 01:52:57.169] [modloading-worker-0/DEBUG] [net.minecraftforge.fml.config.ConfigTracker/CONFIG]: Config file modernfix-common.toml for modernfix tracking
[28May2025 01:52:57.169] [modloading-worker-0/DEBUG] [net.minecraftforge.fml.javafmlmod.AutomaticEventSubscriber/LOADING]: Auto-subscribing de.cadentem.cave_dweller.datagen.DataGen to MOD
[28May2025 01:52:57.169] [modloading-worker-0/DEBUG] [net.minecraftforge.fml.javafmlmod.AutomaticEventSubscriber/LOADING]: Auto-subscribing de.cadentem.old_goatman.datagen.DataGen to MOD
[28May2025 01:52:57.169] [modloading-worker-0/DEBUG] [net.minecraftforge.fml.javafmlmod.AutomaticEventSubscriber/LOADING]: Auto-subscribing de.cadentem.skinwalker_overhaul.datagen.DataGen to MOD
[28May2025 01:52:57.172] [modloading-worker-0/DEBUG] [net.minecraftforge.fml.javafmlmod.AutomaticEventSubscriber/LOADING]: Attempting to inject @EventBusSubscriber classes into the eventbus for xaerominimap
[28May2025 01:52:57.172] [modloading-worker-0/DEBUG] [net.minecraftforge.fml.javafmlmod.AutomaticEventSubscriber/LOADING]: Attempting to inject @EventBusSubscriber classes into the eventbus for mimic_dweller
[28May2025 01:52:57.172] [modloading-worker-0/DEBUG] [net.minecraftforge.fml.javafmlmod.AutomaticEventSubscriber/LOADING]: Auto-subscribing net.mcreator.mimicdweller.procedures.MimicDwellerKillsVillagerProcedure to FORGE
[28May2025 01:52:57.173] [modloading-worker-0/DEBUG] [net.minecraftforge.fml.javafmlmod.AutomaticEventSubscriber/LOADING]: Auto-subscribing net.mcreator.mimicdweller.procedures.MimicDwellerKillsSheepProcedure to FORGE
[28May2025 01:52:57.173] [modloading-worker-0/DEBUG] [net.minecraftforge.fml.javafmlmod.AutomaticEventSubscriber/LOADING]: Auto-subscribing net.mcreator.mimicdweller.procedures.MimicDwellerKillsPlayerProcedure to FORGE
[28May2025 01:52:57.173] [modloading-worker-0/DEBUG] [net.minecraftforge.fml.javafmlmod.AutomaticEventSubscriber/LOADING]: Auto-subscribing net.mcreator.mimicdweller.procedures.MimicDwellerKillsPigProcedure to FORGE
[28May2025 01:52:57.173] [modloading-worker-0/DEBUG] [net.minecraftforge.fml.javafmlmod.AutomaticEventSubscriber/LOADING]: Auto-subscribing net.mcreator.mimicdweller.procedures.MimicDwellerKillsOcelotProcedure to FORGE
[28May2025 01:52:57.173] [modloading-worker-0/DEBUG] [net.minecraftforge.fml.config.ConfigTracker/CONFIG]: Config file forge-client.toml for forge tracking
[28May2025 01:52:57.173] [modloading-worker-0/DEBUG] [net.minecraftforge.fml.config.ConfigTracker/CONFIG]: Config file forge-server.toml for forge tracking
[28May2025 01:52:57.173] [modloading-worker-0/DEBUG] [net.minecraftforge.fml.config.ConfigTracker/CONFIG]: Config file forge-common.toml for forge tracking
[28May2025 01:52:57.173] [modloading-worker-0/DEBUG] [net.minecraftforge.fml.javafmlmod.AutomaticEventSubscriber/LOADING]: Auto-subscribing net.mcreator.mimicdweller.procedures.MimicDwellerKillsMimicCowProcedure to FORGE
[28May2025 01:52:57.174] [modloading-worker-0/DEBUG] [net.minecraftforge.fml.javafmlmod.AutomaticEventSubscriber/LOADING]: Auto-subscribing net.mcreator.mimicdweller.procedures.MimicDwellerKillsMimicChickenProcedure to FORGE
[28May2025 01:52:57.174] [modloading-worker-0/DEBUG] [net.minecraftforge.fml.javafmlmod.AutomaticEventSubscriber/LOADING]: Auto-subscribing net.mcreator.mimicdweller.procedures.BedSoundTriggerProcedure to FORGE
[28May2025 01:52:57.174] [modloading-worker-0/DEBUG] [net.minecraftforge.fml.javafmlmod.AutomaticEventSubscriber/LOADING]: Auto-subscribing net.mcreator.mimicdweller.init.MimicDwellerModFeatures to FORGE
[28May2025 01:52:57.174] [modloading-worker-0/DEBUG] [net.minecraftforge.fml.javafmlmod.AutomaticEventSubscriber/LOADING]: Auto-subscribing net.mcreator.mimicdweller.init.MimicDwellerModEntities to MOD
[28May2025 01:52:57.175] [modloading-worker-0/DEBUG] [net.minecraftforge.fml.javafmlmod.AutomaticEventSubscriber/LOADING]: Auto-subscribing net.mcreator.mimicdweller.init.EntityAnimationFactory to FORGE
[28May2025 01:52:57.179] [modloading-worker-0/DEBUG] [net.minecraftforge.fml.javafmlmod.AutomaticEventSubscriber/LOADING]: Attempting to inject @EventBusSubscriber classes into the eventbus for forge
[28May2025 01:52:57.179] [modloading-worker-0/DEBUG] [net.minecraftforge.fml.javafmlmod.AutomaticEventSubscriber/LOADING]: Auto-subscribing net.minecraftforge.common.ForgeSpawnEggItem$CommonHandler to MOD
[28May2025 01:52:57.206] [modloading-worker-0/DEBUG] [net.minecraftforge.fml.javafmlmod.AutomaticEventSubscriber/LOADING]: Attempting to inject @EventBusSubscriber classes into the eventbus for modernfix
[28May2025 01:52:57.304] [main/DEBUG] [net.minecraftforge.common.capabilities.CapabilityManager/CAPABILITIES]: Attempting to automatically register: Lnet/minecraftforge/energy/IEnergyStorage;
[28May2025 01:52:57.304] [main/DEBUG] [net.minecraftforge.common.capabilities.CapabilityManager/CAPABILITIES]: Attempting to automatically register: Lnet/minecraftforge/fluids/capability/IFluidHandler;
[28May2025 01:52:57.304] [main/DEBUG] [net.minecraftforge.common.capabilities.CapabilityManager/CAPABILITIES]: Attempting to automatically register: Lnet/minecraftforge/fluids/capability/IFluidHandlerItem;
[28May2025 01:52:57.304] [main/DEBUG] [net.minecraftforge.common.capabilities.CapabilityManager/CAPABILITIES]: Attempting to automatically register: Lnet/minecraftforge/items/IItemHandler;
[28May2025 01:52:57.383] [main/DEBUG] [net.minecraftforge.fml.config.ConfigTracker/CONFIG]: Loading configs type COMMON
[28May2025 01:52:57.383] [main/DEBUG] [net.minecraftforge.fml.config.ConfigFileTypeHandler/CONFIG]: Built TOML config for /Users/anmolu/GitHub/AHHHH/config/modernfix-common.toml
[28May2025 01:52:57.384] [main/DEBUG] [net.minecraftforge.fml.config.ConfigFileTypeHandler/CONFIG]: Loaded TOML config file /Users/anmolu/GitHub/AHHHH/config/modernfix-common.toml
[28May2025 01:52:57.384] [main/DEBUG] [net.minecraftforge.fml.config.ConfigFileTypeHandler/CONFIG]: Watching TOML config file /Users/anmolu/GitHub/AHHHH/config/modernfix-common.toml for changes
[28May2025 01:52:57.385] [main/DEBUG] [net.minecraftforge.fml.config.ConfigFileTypeHandler/CONFIG]: Built TOML config for /Users/anmolu/GitHub/AHHHH/config/forge-common.toml
[28May2025 01:52:57.385] [main/DEBUG] [net.minecraftforge.fml.config.ConfigFileTypeHandler/CONFIG]: Loaded TOML config file /Users/anmolu/GitHub/AHHHH/config/forge-common.toml
[28May2025 01:52:57.385] [main/DEBUG] [net.minecraftforge.fml.config.ConfigFileTypeHandler/CONFIG]: Watching TOML config file /Users/anmolu/GitHub/AHHHH/config/forge-common.toml for changes
[28May2025 01:52:57.385] [main/DEBUG] [net.minecraftforge.common.ForgeConfig/FORGEMOD]: Loaded forge config file forge-common.toml
[28May2025 01:52:57.386] [modloading-worker-0/INFO] [voicechat/]: [voicechat] Compatibility version 18
[28May2025 01:52:57.388] [modloading-worker-0/DEBUG] [ModernFix/]: Cleared 120 object holder stacktrace references
[28May2025 01:52:57.396] [modloading-worker-0/DEBUG] [mixin/]: Mixing bugfix.forge_vehicle_packets.ServerGamePacketListenerImplMixin from modernfix-forge.mixins.json into net.minecraft.server.network.ServerGamePacketListenerImpl
[28May2025 01:52:57.397] [modloading-worker-0/DEBUG] [net.minecraftforge.coremod.transformer.CoreModBaseTransformer/COREMOD]: Transforming net/minecraft/server/level/ServerPlayer
[28May2025 01:52:57.399] [modloading-worker-0/DEBUG] [net.minecraftforge.coremod.transformer.CoreModBaseTransformer/COREMOD]: Transforming m_36170_ with desc (Lnet/minecraft/world/entity/player/PlayerModelPart;)Z
[28May2025 01:52:57.406] [modloading-worker-0/INFO] [voicechat/]: [voicechat] Loading plugins
[28May2025 01:52:57.407] [modloading-worker-0/INFO] [voicechat/]: [voicechat] Loaded 0 plugin(s)
[28May2025 01:52:57.407] [modloading-worker-0/INFO] [voicechat/]: [voicechat] Initializing plugins
[28May2025 01:52:57.407] [modloading-worker-0/INFO] [voicechat/]: [voicechat] Initialized 0 plugin(s)
[28May2025 01:52:57.415] [main/DEBUG] [net.minecraftforge.fml.DeferredWorkQueue/LOADING]: Dispatching synchronous work for work queue COMMON_SETUP: 2 jobs
[28May2025 01:52:57.416] [main/DEBUG] [net.minecraftforge.fml.DeferredWorkQueue/LOADING]: Synchronous work queue completed in 699.8 μs
[28May2025 01:52:57.440] [Forge Version Check/INFO] [net.minecraftforge.fml.VersionChecker/]: [voicechat] Starting version check at https://update.maxhenkel.de/forge/voicechat
[28May2025 01:52:57.447] [modloading-worker-0/INFO] [xaero.minimap.XaeroMinimap/]: Loading Xaero's Minimap - Stage 1/2 (Server)
[28May2025 01:52:57.477] [main/DEBUG] [net.minecraftforge.fml.DeferredWorkQueue/LOADING]: Dispatching synchronous work for work queue SIDED_SETUP: 1 jobs
[28May2025 01:52:57.477] [main/INFO] [xaero.minimap.XaeroMinimap/]: Loading Xaero's Minimap - Stage 2/2 (Server)
[28May2025 01:52:57.477] [main/DEBUG] [net.minecraftforge.fml.DeferredWorkQueue/LOADING]: Synchronous work queue completed in 127.5 μs
[28May2025 01:52:57.716] [main/INFO] [com.mojang.authlib.yggdrasil.YggdrasilAuthenticationService/]: Environment: authHost='https://authserver.mojang.com', accountsHost='https://api.mojang.com', sessionHost='https://sessionserver.mojang.com', servicesHost='https://api.minecraftservices.com', name='PROD'
[28May2025 01:52:57.725] [main/DEBUG] [mixin/]: Mixing perf.dynamic_dfu.DataFixersMixin from modernfix-common.mixins.json into net.minecraft.util.datafix.DataFixers
[28May2025 01:52:57.748] [main/INFO] [ModernFix/]: Bypassed Mojang DFU
[28May2025 01:52:57.749] [main/DEBUG] [net.minecraftforge.coremod.transformer.CoreModBaseTransformer/COREMOD]: Transforming m_78311_ with desc ()V
[28May2025 01:52:57.821] [main/DEBUG] [mixin/]: Mixing perf.resourcepacks.VanillaPackMixin from modernfix-forge.mixins.json into net.minecraft.server.packs.VanillaPackResources
[28May2025 01:52:57.821] [main/DEBUG] [mixin/]: Renaming synthetic method lambda$cacheContainedPaths$1(Lcom/google/common/base/Joiner;Lnet/minecraft/server/packs/PackType;Ljava/nio/file/Path;)V to md74f947$lambda$cacheContainedPaths$1$0 in modernfix-forge.mixins.json:perf.resourcepacks.VanillaPackMixin
[28May2025 01:52:57.821] [main/DEBUG] [mixin/]: Renaming synthetic method lambda$cacheContainedPaths$0(Ljava/nio/file/Path;Ljava/nio/file/Path;)Ljava/nio/file/Path; to md74f947$lambda$cacheContainedPaths$0$1 in modernfix-forge.mixins.json:perf.resourcepacks.VanillaPackMixin
[28May2025 01:52:57.828] [main/WARN] [net.minecraft.server.packs.VanillaPackResources/]: Assets URL 'union:/Users/anmolu/GitHub/AHHHH/libraries/net/minecraft/server/1.19.2-20220805.130853/server-1.19.2-20220805.130853-srg.jar%23130!/assets/.mcassetsroot' uses unexpected schema
[28May2025 01:52:57.828] [main/WARN] [net.minecraft.server.packs.VanillaPackResources/]: Assets URL 'union:/Users/anmolu/GitHub/AHHHH/libraries/net/minecraft/server/1.19.2-20220805.130853/server-1.19.2-20220805.130853-srg.jar%23130!/data/.mcassetsroot' uses unexpected schema
[28May2025 01:52:57.828] [main/DEBUG] [mixin/]: Mixing perf.resourcepacks.ResourceCacheManagerMixin from modernfix-forge.mixins.json into net.minecraftforge.resource.ResourceCacheManager
[28May2025 01:52:57.864] [main/DEBUG] [mixin/]: Mixing perf.resourcepacks.ModFileResourcePackMixin from modernfix-forge.mixins.json into net.minecraftforge.resource.PathPackResources
[28May2025 01:52:57.865] [main/DEBUG] [mixin/]: Renaming synthetic method lambda$generateResourceCache$0(Lnet/minecraft/server/packs/PackType;Ljava/lang/String;)Ljava/nio/file/Path; to md74f947$lambda$generateResourceCache$0$0 in modernfix-forge.mixins.json:perf.resourcepacks.ModFileResourcePackMixin
[28May2025 01:52:57.873] [main/DEBUG] [net.minecraftforge.server.ServerLifecycleHooks/CORE]: Generating PackInfo named mod:mixinextras for mod file 
[28May2025 01:52:57.873] [main/DEBUG] [net.minecraftforge.server.ServerLifecycleHooks/CORE]: Generating PackInfo named mod:voicechat for mod file /Users/anmolu/GitHub/AHHHH/mods/simple voice chat.jar
[28May2025 01:52:57.873] [main/DEBUG] [net.minecraftforge.server.ServerLifecycleHooks/CORE]: Generating PackInfo named mod:mimic_dweller for mod file /Users/anmolu/GitHub/AHHHH/mods/Mimic Dweller.jar
[28May2025 01:52:57.873] [main/DEBUG] [net.minecraftforge.server.ServerLifecycleHooks/CORE]: Generating PackInfo named mod:lazydfu for mod file /Users/anmolu/GitHub/AHHHH/mods/LazyDFU.jar
[28May2025 01:52:57.873] [main/DEBUG] [net.minecraftforge.server.ServerLifecycleHooks/CORE]: Generating PackInfo named mod:starlight for mod file /Users/anmolu/GitHub/AHHHH/mods/Starlight.jar
[28May2025 01:52:57.873] [main/DEBUG] [net.minecraftforge.server.ServerLifecycleHooks/CORE]: Generating PackInfo named mod:ferritecore for mod file /Users/anmolu/GitHub/AHHHH/mods/FerriteCore.jar
[28May2025 01:52:57.874] [main/DEBUG] [net.minecraftforge.server.ServerLifecycleHooks/CORE]: Generating PackInfo named mod:minecraftcapes for mod file /Users/anmolu/GitHub/AHHHH/mods/Capes.jar
[28May2025 01:52:57.874] [main/DEBUG] [net.minecraftforge.server.ServerLifecycleHooks/CORE]: Generating PackInfo named mod:rubidium_extras for mod file /Users/anmolu/GitHub/AHHHH/mods/Rubidium Extras.jar
[28May2025 01:52:57.874] [main/DEBUG] [net.minecraftforge.server.ServerLifecycleHooks/CORE]: Generating PackInfo named mod:forge for mod file /Users/anmolu/GitHub/AHHHH/libraries/net/minecraftforge/forge/1.19.2-43.5.0/forge-1.19.2-43.5.0-universal.jar
[28May2025 01:52:57.874] [main/DEBUG] [net.minecraftforge.server.ServerLifecycleHooks/CORE]: Generating PackInfo named mod:rubidium for mod file /Users/anmolu/GitHub/AHHHH/mods/Rubidium.jar
[28May2025 01:52:57.874] [main/DEBUG] [net.minecraftforge.server.ServerLifecycleHooks/CORE]: Generating PackInfo named mod:yeetusexperimentus for mod file /Users/anmolu/GitHub/AHHHH/mods/YeetusExperimentus.jar
[28May2025 01:52:57.874] [main/DEBUG] [net.minecraftforge.server.ServerLifecycleHooks/CORE]: Generating PackInfo named mod:xaerominimap for mod file /Users/anmolu/GitHub/AHHHH/mods/Minimap.jar
[28May2025 01:52:57.874] [main/DEBUG] [net.minecraftforge.server.ServerLifecycleHooks/CORE]: Generating PackInfo named mod:geckolib3 for mod file /Users/anmolu/GitHub/AHHHH/mods/Geckolib.jar
[28May2025 01:52:57.874] [main/DEBUG] [net.minecraftforge.server.ServerLifecycleHooks/CORE]: Generating PackInfo named mod:skinwalker_overhaul for mod file /Users/anmolu/GitHub/AHHHH/mods/Skin Stealer.jar
[28May2025 01:52:57.874] [main/DEBUG] [net.minecraftforge.server.ServerLifecycleHooks/CORE]: Generating PackInfo named mod:cave_dweller for mod file /Users/anmolu/GitHub/AHHHH/mods/Cave Dweller Reimagined.jar
[28May2025 01:52:57.874] [main/DEBUG] [net.minecraftforge.server.ServerLifecycleHooks/CORE]: Generating PackInfo named mod:old_goatman for mod file /Users/anmolu/GitHub/AHHHH/mods/Not-Deer.jar
[28May2025 01:52:57.874] [main/DEBUG] [net.minecraftforge.server.ServerLifecycleHooks/CORE]: Generating PackInfo named mod:modernfix for mod file /Users/anmolu/GitHub/AHHHH/mods/ModernFix.jar
[28May2025 01:52:58.116] [main/DEBUG] [ModernFix/]: Generated cache for /assets/minecraft in 2.758 ms
[28May2025 01:52:58.116] [main/DEBUG] [ModernFix/]: Generated cache for /assets/minecraft in 69.08 μs
[28May2025 01:52:58.117] [main/DEBUG] [ModernFix/]: Generated cache for /assets/minecraft in 255.9 μs
[28May2025 01:52:58.118] [main/DEBUG] [ModernFix/]: Generated cache for /assets/minecraft in 107.3 μs
[28May2025 01:52:58.118] [main/DEBUG] [ModernFix/]: Generated cache for /assets/minecraft in 117.1 μs
[28May2025 01:52:58.118] [main/DEBUG] [ModernFix/]: Generated cache for /assets/minecraft in 128.2 μs
[28May2025 01:52:58.118] [main/DEBUG] [ModernFix/]: Generated cache for /assets/minecraft in 84.88 μs
[28May2025 01:52:58.118] [main/DEBUG] [ModernFix/]: Generated cache for /assets/minecraft in 109.0 μs
[28May2025 01:52:58.118] [main/DEBUG] [ModernFix/]: Generated cache for /assets/minecraft in 12.29 μs
[28May2025 01:52:58.119] [main/DEBUG] [ModernFix/]: Generated cache for /assets/minecraft in 191.2 μs
[28May2025 01:52:58.119] [main/DEBUG] [ModernFix/]: Generated cache for /assets/minecraft in 21.13 μs
[28May2025 01:52:58.127] [main/DEBUG] [mixin/]: Mixing PLDMixin from yeetusexperimentus.mixins.json into net.minecraft.world.level.storage.PrimaryLevelData
[28May2025 01:52:58.168] [main/DEBUG] [mixin/]: Mixing perf.datapack_reload_exceptions.LootTableManagerMixin from modernfix-forge.mixins.json into net.minecraft.world.level.storage.loot.LootTables
[28May2025 01:52:58.205] [Forge Version Check/DEBUG] [net.minecraftforge.fml.VersionChecker/]: [voicechat] Received version check data:
{"1.21":{"1.21-2.5.20":"Added Vietnamese translation"},"1.20":{"1.20-2.4.9":"Fixed group not getting deleted when disconnecting\nFixed group in LeaveGroupEvent always null\nFixed builtin resource pack format version"},"1.18":{"1.18-2.1.17":"Updated Forge\nFixed sound physics compatibility","1.18-2.1.22":"Fixed untranslated command feedback"},"1.19":{"1.19-2.4.8":"Added audio senders to the voice chat API"},"1.20.4":{"1.20.4-2.5.22":"Updated Traditional Chinese translation\nAdded Portuguese translation\nUpdated Ukrainian translation","1.20.4-2.4.32":"Fixed compatibility with Sound Physics Remastered\nUpdated French translation"},"1.21.3":{"1.21.3-2.5.30":"Improved tooltip rendering performance\nFixed ping buffer size"},"promos":{"1.18.1-latest":"1.18.1-2.2.52","1.21.4-latest":"1.21.4-2.5.30","1.21.3-latest":"1.21.3-2.5.30","1.18.2-latest":"1.18.2-2.5.30","1.19.3-recommended":"1.19.3-2.4.11","1.20-recommended":"1.20-2.4.9","1.19.1-recommended":"1.19.1-2.4.8","1.21.5-latest":"1.21.5-2.5.30","1.21.1-latest":"1.21.1-2.5.30","1.12.2-latest":"1.12.2-2.5.30","1.19.4-recommended":"1.19.4-2.4.32","1.12.2-recommended":"1.12.2-2.4.32","1.19-latest":"1.19-2.4.8","1.17.1-recommended":"1.17.1-2.4.32","1.19.2-recommended":"1.19.2-2.4.32","1.18-latest":"1.18-2.1.22","1.20.4-recommended":"1.20.4-2.4.32","1.21-latest":"1.21-2.5.20","1.16.5-recommended":"1.16.5-2.4.32","1.16.4-recommended":"1.16.4-1.1.7","1.20.1-recommended":"1.20.1-2.4.32","1.16.3-recommended":"1.16.3-1.0.1","1.15.2-latest":"1.15.2-1.0.2","1.20.2-recommended":"1.20.2-2.4.32","1.20-latest":"1.20-2.4.9","1.18.2-recommended":"1.18.2-2.4.32","1.17.1-latest":"1.17.1-2.5.12","1.18.1-recommended":"1.18.1-2.2.52","1.20.1-latest":"1.20.1-2.5.30","1.16.3-latest":"1.16.3-1.0.1","1.20.2-latest":"1.20.2-2.5.12","1.16.4-latest":"1.16.4-1.1.7","1.19.2-latest":"1.19.2-2.5.30","1.19.4-latest":"1.19.4-2.5.12","1.19.3-latest":"1.19.3-2.4.11","1.16.5-latest":"1.16.5-2.5.30","1.19-recommended":"1.19-2.4.8","1.18-recommended":"1.18-2.1.17","1.15.2-recommended":"1.15.2-1.0.2","1.20.4-latest":"1.20.4-2.5.22","1.19.1-latest":"1.19.1-2.4.8","1.20.6-latest":"1.20.6-2.5.22"},"1.20.6":{"1.20.6-2.5.22":"Updated Traditional Chinese translation\nAdded Portuguese translation\nUpdated Ukrainian translation"},"1.21.5":{"1.21.5-2.5.30":"Improved tooltip rendering performance\nFixed ping buffer size"},"1.21.4":{"1.21.4-2.5.30":"Improved tooltip rendering performance\nFixed ping buffer size"},"1.20.2":{"1.20.2-2.4.32":"Fixed compatibility with Sound Physics Remastered\nUpdated French translation","1.20.2-2.5.12":"Improved cloth config GUI translations"},"1.21.1":{"1.21.1-2.5.30":"Improved tooltip rendering performance\nFixed ping buffer size"},"1.20.1":{"1.20.1-2.5.30":"Improved tooltip rendering performance\nFixed ping buffer size","1.20.1-2.4.32":"Fixed compatibility with Sound Physics Remastered\nUpdated French translation"},"1.16.4":{"1.16.4-1.1.7":"Fixed ConcurrentModificationException when client times out"},"1.19.1":{"1.19.1-2.4.8":"Added audio senders to the voice chat API"},"1.18.2":{"1.18.2-2.4.32":"Fixed compatibility with Sound Physics Remastered\nUpdated French translation","1.18.2-2.5.30":"Improved tooltip rendering performance\nFixed ping buffer size"},"1.16.5":{"1.16.5-2.4.32":"Fixed compatibility with Sound Physics Remastered\nUpdated French translation","1.16.5-2.5.30":"Improved tooltip rendering performance\nFixed ping buffer size"},"1.19.2":{"1.19.2-2.5.30":"Improved tooltip rendering performance\nFixed ping buffer size","1.19.2-2.4.32":"Fixed compatibility with Sound Physics Remastered\nUpdated French translation"},"1.19.3":{"1.19.3-2.4.11":"Added config accessors to the API"},"1.19.4":{"1.19.4-2.4.32":"Fixed compatibility with Sound Physics Remastered\nUpdated French translation","1.19.4-2.5.12":"Improved cloth config GUI translations"},"1.15.2":{"1.15.2-1.0.2":"Fix crash on servers"},"1.17.1":{"1.17.1-2.4.32":"Fixed compatibility with Sound Physics Remastered\nUpdated French translation","1.17.1-2.5.12":"Improved cloth config GUI translations"},"1.16.3":{"1.16.3-1.0.1":"Fixed voice chat not working on servers with port"},"1.18.1":{"1.18.1-2.2.52":"Improved service loader compatibility\nFixed issues with QuestCraft\nFixed disconnected state being controlled by the client"},"1.12.2":{"1.12.2-2.4.32":"Fixed compatibility with Sound Physics Remastered\nUpdated French translation","1.12.2-2.5.30":"Improved tooltip rendering performance\nFixed ping buffer size"},"homepage":"https://modrepo.de/minecraft/voicechat"}
[28May2025 01:52:58.209] [Forge Version Check/INFO] [net.minecraftforge.fml.VersionChecker/]: [voicechat] Found status: AHEAD Current: 1.19.2-2.5.30 Target: null
[28May2025 01:52:58.210] [Forge Version Check/INFO] [net.minecraftforge.fml.VersionChecker/]: [forge] Starting version check at https://files.minecraftforge.net/net/minecraftforge/forge/promotions_slim.json
[28May2025 01:52:58.268] [main/DEBUG] [mixin/]: Mixing perf.potential_spawns_alloc.ForgeEventFactoryMixin from modernfix-forge.mixins.json into net.minecraftforge.event.ForgeEventFactory
[28May2025 01:52:58.275] [main/DEBUG] [mixin/]: Mixing perf.potential_spawns_alloc.PotentialSpawnsMixin from modernfix-forge.mixins.json into net.minecraftforge.event.level.LevelEvent$PotentialSpawns
[28May2025 01:52:58.287] [main/DEBUG] [mixin/]: Mixing perf.datapack_reload_exceptions.RecipeManagerMixin from modernfix-forge.mixins.json into net.minecraft.world.item.crafting.RecipeManager
[28May2025 01:52:58.295] [Worker-Main-7/DEBUG] [mixin/]: Mixing perf.tag_id_caching.TagEntryMixin from modernfix-forge.mixins.json into net.minecraft.tags.TagEntry
[28May2025 01:52:58.342] [Forge Version Check/DEBUG] [net.minecraftforge.fml.VersionChecker/]: [forge] Received version check data:
{
  "homepage": "https://files.minecraftforge.net/net/minecraftforge/forge/",
  "promos": {
    "1.1-latest": "1.3.4.29",
    "1.2.3-latest": "1.4.1.64",
    "1.2.4-latest": "2.0.0.68",
    "1.2.5-latest": "3.4.9.171",
    "1.3.2-latest": "4.3.5.318",
    "1.4.0-latest": "5.0.0.326",
    "1.4.1-latest": "6.0.0.329",
    "1.4.2-latest": "6.0.1.355",
    "1.4.3-latest": "6.2.1.358",
    "1.4.4-latest": "6.3.0.378",
    "1.4.5-latest": "6.4.2.448",
    "1.4.6-latest": "6.5.0.489",
    "1.4.7-latest": "6.6.2.534",
    "1.5-latest": "7.7.0.598",
    "1.5.1-latest": "7.7.2.682",
    "1.5.2-latest": "7.8.1.738",
    "1.5.2-recommended": "7.8.1.738",
    "1.6.1-latest": "8.9.0.775",
    "1.6.2-latest": "9.10.1.871",
    "1.6.2-recommended": "9.10.1.871",
    "1.6.3-latest": "9.11.0.878",
    "1.6.4-latest": "9.11.1.1345",
    "1.6.4-recommended": "9.11.1.1345",
    "1.7.2-latest": "10.12.2.1161",
    "1.7.2-recommended": "10.12.2.1161",
    "1.7.10_pre4-latest": "10.12.2.1149",
    "1.7.10-latest": "10.13.4.1614",
    "1.7.10-recommended": "10.13.4.1614",
    "1.8-latest": "11.14.4.1577",
    "1.8-recommended": "11.14.4.1563",
    "1.8.8-latest": "11.15.0.1655",
    "1.8.9-latest": "11.15.1.2318",
    "1.8.9-recommended": "11.15.1.2318",
    "1.9-latest": "12.16.1.1938",
    "1.9-recommended": "12.16.1.1887",
    "1.9.4-latest": "12.17.0.2317",
    "1.9.4-recommended": "12.17.0.2317",
    "1.10-latest": "12.18.0.2000",
    "1.10.2-latest": "12.18.3.2511",
    "1.10.2-recommended": "12.18.3.2511",
    "1.11-latest": "13.19.1.2199",
    "1.11-recommended": "13.19.1.2189",
    "1.11.2-latest": "13.20.1.2588",
    "1.11.2-recommended": "13.20.1.2588",
    "1.12-latest": "14.21.1.2443",
    "1.12-recommended": "14.21.1.2387",
    "1.12.1-latest": "14.22.1.2485",
    "1.12.1-recommended": "14.22.1.2478",
    "1.12.2-latest": "14.23.5.2860",
    "1.12.2-recommended": "14.23.5.2859",
    "1.13.2-latest": "25.0.223",
    "1.14.2-latest": "26.0.63",
    "1.14.3-latest": "27.0.60",
    "1.14.4-latest": "28.2.26",
    "1.14.4-recommended": "28.2.26",
    "1.15-latest": "29.0.4",
    "1.15.1-latest": "30.0.51",
    "1.15.2-latest": "31.2.57",
    "1.15.2-recommended": "31.2.57",
    "1.16.1-latest": "32.0.108",
    "1.16.2-latest": "33.0.61",
    "1.16.3-latest": "34.1.42",
    "1.16.3-recommended": "34.1.0",
    "1.16.4-latest": "35.1.37",
    "1.16.4-recommended": "35.1.4",
    "1.16.5-latest": "36.2.42",
    "1.16.5-recommended": "36.2.34",
    "1.17.1-latest": "37.1.1",
    "1.17.1-recommended": "37.1.1",
    "1.18-latest": "38.0.17",
    "1.18.1-latest": "39.1.2",
    "1.18.1-recommended": "39.1.0",
    "1.18.2-recommended": "40.3.0",
    "1.18.2-latest": "40.3.10",
    "1.19-latest": "41.1.0",
    "1.19-recommended": "41.1.0",
    "1.19.1-latest": "42.0.9",
    "1.19.2-recommended": "43.5.0",
    "1.19.2-latest": "43.5.0",
    "1.19.3-latest": "44.1.23",
    "1.19.3-recommended": "44.1.0",
    "1.19.4-recommended": "45.4.0",
    "1.19.4-latest": "45.4.0",
    "1.20-latest": "46.0.14",
    "1.20.1-recommended": "47.4.0",
    "1.20.1-latest": "47.4.1",
    "1.20.2-latest": "48.1.0",
    "1.20.2-recommended": "48.1.0",
    "1.20.3-latest": "49.0.2",
    "1.20.4-latest": "49.2.0",
    "1.20.4-recommended": "49.2.0",
    "1.20.6-latest": "50.2.0",
    "1.20.6-recommended": "50.2.0",
    "1.21-latest": "51.0.33",
    "1.21.1-latest": "52.1.1",
    "1.21.1-recommended": "52.1.0",
    "1.21.3-latest": "53.1.1",
    "1.21.3-recommended": "53.1.0",
    "1.21.4-latest": "54.1.3",
    "1.21.4-recommended": "54.1.0",
    "1.21.5-latest": "55.0.21"
  }
}
[28May2025 01:52:58.342] [Forge Version Check/INFO] [net.minecraftforge.fml.VersionChecker/]: [forge] Found status: UP_TO_DATE Current: 43.5.0 Target: null
[28May2025 01:52:58.356] [main/INFO] [net.minecraft.world.item.crafting.RecipeManager/]: Loaded 7 recipes
[28May2025 01:52:58.456] [main/INFO] [net.minecraft.advancements.AdvancementList/]: Loaded 1179 advancements
[28May2025 01:52:58.471] [main/DEBUG] [net.minecraftforge.common.ForgeHooks/WP]: Gathering id map for writing to world save world
[28May2025 01:52:58.474] [main/DEBUG] [net.minecraftforge.common.ForgeHooks/WP]: ID Map collection complete world
[28May2025 01:52:59.107] [Server thread/INFO] [net.minecraft.server.dedicated.DedicatedServer/]: Starting minecraft server version 1.19.2
[28May2025 01:52:59.108] [Server thread/INFO] [net.minecraft.server.dedicated.DedicatedServer/]: Loading properties
[28May2025 01:52:59.108] [Server thread/INFO] [net.minecraft.server.dedicated.DedicatedServer/]: Default game type: SURVIVAL
[28May2025 01:52:59.108] [Server thread/INFO] [net.minecraft.server.MinecraftServer/]: Generating keypair
[28May2025 01:52:59.141] [Server thread/INFO] [net.minecraft.server.dedicated.DedicatedServer/]: Starting Minecraft server on *:25565
[28May2025 01:52:59.141] [Server thread/DEBUG] [net.minecraftforge.network.DualStackUtils/]: Detected IPv6 address: "0:0:0:0:0:0:0:0"
[28May2025 01:52:59.148] [Server thread/INFO] [net.minecraft.server.network.ServerConnectionListener/]: Using default channel type
[28May2025 01:52:59.159] [Server thread/DEBUG] [io.netty.channel.MultithreadEventLoopGroup/]: -Dio.netty.eventLoopThreads: 28
[28May2025 01:52:59.170] [Server thread/DEBUG] [io.netty.util.internal.InternalThreadLocalMap/]: -Dio.netty.threadLocalMap.stringBuilder.initialSize: 1024
[28May2025 01:52:59.170] [Server thread/DEBUG] [io.netty.util.internal.InternalThreadLocalMap/]: -Dio.netty.threadLocalMap.stringBuilder.maxSize: 4096
[28May2025 01:52:59.174] [Server thread/DEBUG] [io.netty.channel.nio.NioEventLoop/]: -Dio.netty.noKeySetOptimization: false
[28May2025 01:52:59.175] [Server thread/DEBUG] [io.netty.channel.nio.NioEventLoop/]: -Dio.netty.selectorAutoRebuildThreshold: 512
[28May2025 01:52:59.181] [Server thread/DEBUG] [io.netty.util.internal.PlatformDependent/]: org.jctools-core.MpscChunkedArrayQueue: available
[28May2025 01:52:59.190] [Server thread/DEBUG] [io.netty.channel.DefaultChannelId/]: -Dio.netty.processId: 78589 (auto-detected)
[28May2025 01:52:59.191] [Server thread/DEBUG] [io.netty.util.NetUtil/]: -Djava.net.preferIPv4Stack: false
[28May2025 01:52:59.191] [Server thread/DEBUG] [io.netty.util.NetUtil/]: -Djava.net.preferIPv6Addresses: true
[28May2025 01:52:59.197] [Server thread/DEBUG] [io.netty.util.NetUtilInitializations/]: Loopback interface: lo0 (lo0, 0:0:0:0:0:0:0:1%lo0)
[28May2025 01:52:59.199] [Server thread/DEBUG] [io.netty.util.NetUtil/]: Failed to get SOMAXCONN from sysctl and file /proc/sys/net/core/somaxconn. Default: 128
[28May2025 01:52:59.201] [Server thread/DEBUG] [io.netty.channel.DefaultChannelId/]: -Dio.netty.machineId: ba:6b:80:ff:fe:55:7c:45 (auto-detected)
[28May2025 01:52:59.212] [Server thread/DEBUG] [io.netty.buffer.PooledByteBufAllocator/]: -Dio.netty.allocator.numHeapArenas: 28
[28May2025 01:52:59.212] [Server thread/DEBUG] [io.netty.buffer.PooledByteBufAllocator/]: -Dio.netty.allocator.numDirectArenas: 28
[28May2025 01:52:59.212] [Server thread/DEBUG] [io.netty.buffer.PooledByteBufAllocator/]: -Dio.netty.allocator.pageSize: 8192
[28May2025 01:52:59.212] [Server thread/DEBUG] [io.netty.buffer.PooledByteBufAllocator/]: -Dio.netty.allocator.maxOrder: 9
[28May2025 01:52:59.212] [Server thread/DEBUG] [io.netty.buffer.PooledByteBufAllocator/]: -Dio.netty.allocator.chunkSize: 4194304
[28May2025 01:52:59.212] [Server thread/DEBUG] [io.netty.buffer.PooledByteBufAllocator/]: -Dio.netty.allocator.smallCacheSize: 256
[28May2025 01:52:59.212] [Server thread/DEBUG] [io.netty.buffer.PooledByteBufAllocator/]: -Dio.netty.allocator.normalCacheSize: 64
[28May2025 01:52:59.212] [Server thread/DEBUG] [io.netty.buffer.PooledByteBufAllocator/]: -Dio.netty.allocator.maxCachedBufferCapacity: 32768
[28May2025 01:52:59.212] [Server thread/DEBUG] [io.netty.buffer.PooledByteBufAllocator/]: -Dio.netty.allocator.cacheTrimInterval: 8192
[28May2025 01:52:59.212] [Server thread/DEBUG] [io.netty.buffer.PooledByteBufAllocator/]: -Dio.netty.allocator.cacheTrimIntervalMillis: 0
[28May2025 01:52:59.212] [Server thread/DEBUG] [io.netty.buffer.PooledByteBufAllocator/]: -Dio.netty.allocator.useCacheForAllThreads: false
[28May2025 01:52:59.212] [Server thread/DEBUG] [io.netty.buffer.PooledByteBufAllocator/]: -Dio.netty.allocator.maxCachedByteBuffersPerChunk: 1023
[28May2025 01:52:59.216] [Server thread/DEBUG] [io.netty.buffer.ByteBufUtil/]: -Dio.netty.allocator.type: pooled
[28May2025 01:52:59.217] [Server thread/DEBUG] [io.netty.buffer.ByteBufUtil/]: -Dio.netty.threadLocalDirectBufferSize: 0
[28May2025 01:52:59.217] [Server thread/DEBUG] [io.netty.buffer.ByteBufUtil/]: -Dio.netty.maxThreadLocalCharBufferSize: 16384
[28May2025 01:52:59.232] [Server thread/DEBUG] [net.minecraftforge.fml.loading.FileUtils/CORE]: Found existing serverconfig directory : ./world/serverconfig
[28May2025 01:52:59.232] [Server thread/DEBUG] [net.minecraftforge.fml.config.ConfigTracker/CONFIG]: Loading configs type SERVER
[28May2025 01:52:59.232] [Server thread/DEBUG] [net.minecraftforge.fml.config.ConfigFileTypeHandler/CONFIG]: Built TOML config for ./world/serverconfig/skinwalker_overhaul-server.toml
[28May2025 01:52:59.232] [Server thread/DEBUG] [net.minecraftforge.fml.config.ConfigFileTypeHandler/CONFIG]: Loaded TOML config file ./world/serverconfig/skinwalker_overhaul-server.toml
[28May2025 01:52:59.233] [Server thread/DEBUG] [net.minecraftforge.fml.config.ConfigFileTypeHandler/CONFIG]: Watching TOML config file ./world/serverconfig/skinwalker_overhaul-server.toml for changes
[28May2025 01:52:59.234] [Server thread/DEBUG] [net.minecraftforge.fml.config.ConfigFileTypeHandler/CONFIG]: Built TOML config for ./world/serverconfig/cave_dweller-server.toml
[28May2025 01:52:59.234] [Server thread/DEBUG] [net.minecraftforge.fml.config.ConfigFileTypeHandler/CONFIG]: Loaded TOML config file ./world/serverconfig/cave_dweller-server.toml
[28May2025 01:52:59.234] [Server thread/DEBUG] [net.minecraftforge.fml.config.ConfigFileTypeHandler/CONFIG]: Watching TOML config file ./world/serverconfig/cave_dweller-server.toml for changes
[28May2025 01:52:59.235] [Server thread/DEBUG] [net.minecraftforge.fml.config.ConfigFileTypeHandler/CONFIG]: Built TOML config for ./world/serverconfig/old_goatman-server.toml
[28May2025 01:52:59.235] [Server thread/DEBUG] [net.minecraftforge.fml.config.ConfigFileTypeHandler/CONFIG]: Loaded TOML config file ./world/serverconfig/old_goatman-server.toml
[28May2025 01:52:59.235] [Server thread/DEBUG] [net.minecraftforge.fml.config.ConfigFileTypeHandler/CONFIG]: Watching TOML config file ./world/serverconfig/old_goatman-server.toml for changes
[28May2025 01:52:59.236] [Server thread/DEBUG] [net.minecraftforge.fml.config.ConfigFileTypeHandler/CONFIG]: Built TOML config for ./world/serverconfig/forge-server.toml
[28May2025 01:52:59.236] [Server thread/DEBUG] [net.minecraftforge.fml.config.ConfigFileTypeHandler/CONFIG]: Loaded TOML config file ./world/serverconfig/forge-server.toml
[28May2025 01:52:59.236] [Server thread/DEBUG] [net.minecraftforge.fml.config.ConfigFileTypeHandler/CONFIG]: Watching TOML config file ./world/serverconfig/forge-server.toml for changes
[28May2025 01:52:59.236] [Server thread/DEBUG] [net.minecraftforge.common.ForgeConfig/FORGEMOD]: Loaded forge config file forge-server.toml
[28May2025 01:52:59.251] [Server thread/INFO] [net.minecraft.server.dedicated.DedicatedServer/]: Preparing level "world"
[28May2025 01:52:59.252] [Server thread/DEBUG] [mixin/]: Mixing feature.branding.BrandingControlMixin from modernfix-forge.mixins.json into net.minecraftforge.internal.BrandingControl
[28May2025 01:52:59.275] [Server thread/DEBUG] [mixin/]: Mixing perf.ticking_chunk_alloc.ChunkHolderMixin from modernfix-common.mixins.json into net.minecraft.server.level.ChunkHolder
[28May2025 01:52:59.277] [Server thread/DEBUG] [net.minecraftforge.coremod.transformer.CoreModBaseTransformer/COREMOD]: Transforming net/minecraft/network/protocol/game/ClientboundSectionBlocksUpdatePacket
[28May2025 01:52:59.287] [Server thread/DEBUG] [mixin/]: Mixing bugfix.paper_chunk_patches.ChunkMapMixin from modernfix-common.mixins.json into net.minecraft.server.level.ChunkMap
[28May2025 01:52:59.287] [Server thread/DEBUG] [mixin/]: Renaming synthetic method lambda$useLegacySchedulingLogic$1(Lnet/minecraft/world/level/chunk/ChunkStatus;Lnet/minecraft/world/level/ChunkPos;Lnet/minecraft/server/level/ChunkHolder;Lcom/mojang/datafixers/util/Either;)Ljava/util/concurrent/CompletionStage; to md74f947$lambda$useLegacySchedulingLogic$1$0 in modernfix-common.mixins.json:bugfix.paper_chunk_patches.ChunkMapMixin
[28May2025 01:52:59.287] [Server thread/DEBUG] [mixin/]: Renaming synthetic method lambda$useLegacySchedulingLogic$0(Lnet/minecraft/server/level/ChunkHolder;Lnet/minecraft/world/level/chunk/ChunkAccess;)Ljava/util/concurrent/CompletableFuture; to md74f947$lambda$useLegacySchedulingLogic$0$1 in modernfix-common.mixins.json:bugfix.paper_chunk_patches.ChunkMapMixin
[28May2025 01:52:59.288] [Server thread/DEBUG] [mixin/]: Mixing bugfix.chunk_deadlock.ChunkMapLoadMixin from modernfix-forge.mixins.json into net.minecraft.server.level.ChunkMap
[28May2025 01:52:59.300] [Server thread/DEBUG] [mixin/]: Mixing common.chunk.ProtoChunkMixin from starlight.mixins.json into net.minecraft.world.level.chunk.ProtoChunk
[28May2025 01:52:59.354] [Server thread/DEBUG] [mixin/]: Mixing perf.faster_structure_location.StructureCheckMixin from modernfix-common.mixins.json into net.minecraft.world.level.levelgen.structure.StructureCheck
[28May2025 01:52:59.355] [Server thread/DEBUG] [net.minecraftforge.coremod.transformer.CoreModBaseTransformer/COREMOD]: Transforming net/minecraft/world/level/levelgen/structure/Structure
[28May2025 01:52:59.366] [Server thread/DEBUG] [ModernFix/]: Loaded stronghold cache for dimension minecraft:overworld with 128 positions
[28May2025 01:52:59.379] [Server thread/INFO] [net.minecraft.server.MinecraftServer/]: Preparing start region for dimension minecraft:overworld
[28May2025 01:52:59.379] [Server thread/DEBUG] [mixin/]: Mixing bugfix.paper_chunk_patches.SortedArraySetMixin from modernfix-common.mixins.json into net.minecraft.util.SortedArraySet
[28May2025 01:52:59.424] [Server thread/DEBUG] [mixin/]: Mixing common.world.ChunkSerializerMixin from starlight.mixins.json into net.minecraft.world.level.chunk.storage.ChunkSerializer
[28May2025 01:52:59.428] [Server thread/DEBUG] [mixin/]: Mixing common.chunk.ImposterProtoChunkMixin from starlight.mixins.json into net.minecraft.world.level.chunk.ImposterProtoChunk
[28May2025 01:52:59.431] [Server thread/DEBUG] [mixin/]: Mixing perf.compact_bit_storage.PalettedContainerMixin from modernfix-common.mixins.json into net.minecraft.world.level.chunk.PalettedContainer
[28May2025 01:52:59.644] [Server thread/DEBUG] [mixin/]: Mixing BlockStateCacheMixin from ferritecore.blockstatecache.mixin.json into net.minecraft.world.level.block.state.BlockBehaviour$BlockStateBase$Cache
[28May2025 01:52:59.644] [Server thread/DEBUG] [mixin/]: Mixing perf.cache_blockstate_cache_arrays.AbstractBlockStateCacheMixin from modernfix-common.mixins.json into net.minecraft.world.level.block.state.BlockBehaviour$BlockStateBase$Cache
[28May2025 01:52:59.651] [Thread-0/INFO] [ModernFix/]: Please use /mfsrc to reload any changed mod config files
[28May2025 01:52:59.655] [Server thread/DEBUG] [mixin/]: Mixing SubShapeAccess from ferritecore.blockstatecache.mixin.json into net.minecraft.world.phys.shapes.SubShape
[28May2025 01:52:59.806] [Server thread/INFO] [net.minecraft.server.level.progress.LoggerChunkProgressListener/]: Preparing spawn area: 0%
[28May2025 01:52:59.879] [Server thread/INFO] [net.minecraft.server.level.progress.LoggerChunkProgressListener/]: Preparing spawn area: 4%
[28May2025 01:53:00.086] [Server thread/INFO] [net.minecraft.server.level.progress.LoggerChunkProgressListener/]: Time elapsed: 707 ms
[28May2025 01:53:00.086] [Server thread/INFO] [net.minecraft.server.dedicated.DedicatedServer/]: Done (0.857s)! For help, type "help"
[28May2025 01:53:00.090] [Server thread/DEBUG] [net.minecraftforge.common.ForgeI18n/CORE]: Loading I18N data entries: 1360
[28May2025 01:53:00.091] [Server thread/INFO] [net.minecraftforge.server.permission.PermissionAPI/]: Successfully initialized permission handler forge:default_handler
[28May2025 01:53:00.095] [Server thread/DEBUG] [voicechat/]: [voicechat] Using default voicechat socket implementation
[28May2025 01:53:00.098] [Server thread/WARN] [ModernFix/]: Dedicated server took 6.003 seconds to load
[28May2025 01:53:00.108] [VoiceChatServerThread/INFO] [voicechat/]: [voicechat] Voice chat server started at port 24454
[28May2025 01:53:00.216] [Server thread/DEBUG] [mixin/]: Mixing common.chunk.EmptyLevelChunkMixin from starlight.mixins.json into net.minecraft.world.level.chunk.EmptyLevelChunk
[28May2025 01:58:00.103] [Server thread/DEBUG] [net.minecraftforge.common.ForgeHooks/WP]: Gathering id map for writing to world save world
[28May2025 01:58:00.107] [Server thread/DEBUG] [net.minecraftforge.common.ForgeHooks/WP]: ID Map collection complete world
[28May2025 01:58:25.936] [Netty Server IO #1/DEBUG] [net.minecraftforge.coremod.transformer.CoreModBaseTransformer/COREMOD]: Transforming net/minecraft/network/protocol/game/ClientboundSectionBlocksUpdatePacket
[28May2025 01:58:25.951] [Netty Server IO #1/DEBUG] [io.netty.util.Recycler/]: -Dio.netty.recycler.maxCapacityPerThread: 4096
[28May2025 01:58:25.951] [Netty Server IO #1/DEBUG] [io.netty.util.Recycler/]: -Dio.netty.recycler.ratio: 8
[28May2025 01:58:25.951] [Netty Server IO #1/DEBUG] [io.netty.util.Recycler/]: -Dio.netty.recycler.chunkSize: 32
[28May2025 01:58:25.951] [Netty Server IO #1/DEBUG] [io.netty.util.Recycler/]: -Dio.netty.recycler.blocking: false
[28May2025 01:58:25.953] [Netty Server IO #1/DEBUG] [io.netty.buffer.AbstractByteBuf/]: -Dio.netty.buffer.checkAccessible: true
[28May2025 01:58:25.953] [Netty Server IO #1/DEBUG] [io.netty.buffer.AbstractByteBuf/]: -Dio.netty.buffer.checkBounds: true
[28May2025 01:58:25.954] [Netty Server IO #1/DEBUG] [io.netty.util.ResourceLeakDetectorFactory/]: Loaded default ResourceLeakDetector: io.netty.util.ResourceLeakDetector@1b896263
[28May2025 01:58:27.152] [Netty Server IO #2/DEBUG] [net.minecraftforge.network.HandshakeHandler/FMLHANDSHAKE]: Starting new modded impl connection. Found 24 messages to dispatch.
[28May2025 01:58:27.753] [User Authenticator #1/INFO] [net.minecraft.server.network.ServerLoginPacketListenerImpl/]: UUID of player discoinferno_ is 4be5d073-d865-48dc-9c9a-f05c0a542a51
[28May2025 01:58:27.772] [Server thread/DEBUG] [net.minecraftforge.network.HandshakeHandler/FMLHANDSHAKE]: Sending ticking packet info 'net.minecraftforge.network.HandshakeMessages$S2CModData' to 'fml:handshake' sequence 0
[28May2025 01:58:27.822] [Server thread/DEBUG] [net.minecraftforge.network.HandshakeHandler/FMLHANDSHAKE]: Sending ticking packet info 'net.minecraftforge.network.HandshakeMessages$S2CModList' to 'fml:handshake' sequence 1
[28May2025 01:58:27.833] [Netty Server IO #2/DEBUG] [net.minecraftforge.network.LoginWrapper/FMLHANDSHAKE]: Recieved login wrapper packet event for channel fml:handshake with index 1
[28May2025 01:58:27.835] [Netty Server IO #2/DEBUG] [net.minecraftforge.network.HandshakeHandler/FMLHANDSHAKE]: Received client indexed reply 1 of type net.minecraftforge.network.HandshakeMessages$C2SModListReply
[28May2025 01:58:27.835] [Netty Server IO #2/DEBUG] [net.minecraftforge.network.HandshakeHandler/FMLHANDSHAKE]: Received client connection with modlist [minecraft, entity_model_features, entity_texture_features, mixinextras, voicechat, mimic_dweller, lazydfu, starlight, ferritecore, minecraftcapes, rubidium_extras, forge, rubidium, yeetusexperimentus, oculus, xaerominimap, geckolib3, skinwalker_overhaul, cave_dweller, old_goatman, modernfix]
[28May2025 01:58:27.836] [Netty Server IO #2/DEBUG] [net.minecraftforge.network.NetworkRegistry/NETREGISTRY]: Channel 'old_goatman:main' : Version test of '2' from client : ACCEPTED
[28May2025 01:58:27.836] [Netty Server IO #2/DEBUG] [net.minecraftforge.network.NetworkRegistry/NETREGISTRY]: Channel 'voicechat:secret' : Version test of 'ALLOWVANILLA 💓💓💓' from client : ACCEPTED
[28May2025 01:58:27.836] [Netty Server IO #2/DEBUG] [net.minecraftforge.network.NetworkRegistry/NETREGISTRY]: Channel 'voicechat:leave_group' : Version test of 'ALLOWVANILLA 💓💓💓' from client : ACCEPTED
[28May2025 01:58:27.836] [Netty Server IO #2/DEBUG] [net.minecraftforge.network.NetworkRegistry/NETREGISTRY]: Channel 'voicechat:create_group' : Version test of 'ALLOWVANILLA 💓💓💓' from client : ACCEPTED
[28May2025 01:58:27.836] [Netty Server IO #2/DEBUG] [net.minecraftforge.network.NetworkRegistry/NETREGISTRY]: Channel 'minecraft:unregister' : Version test of 'FML3' from client : ACCEPTED
[28May2025 01:58:27.837] [Netty Server IO #2/DEBUG] [net.minecraftforge.network.NetworkRegistry/NETREGISTRY]: Channel 'xaerominimap:main' : Version test of '1.0' from client : ACCEPTED
[28May2025 01:58:27.837] [Netty Server IO #2/DEBUG] [net.minecraftforge.network.NetworkRegistry/NETREGISTRY]: Channel 'voicechat:set_group' : Version test of 'ALLOWVANILLA 💓💓💓' from client : ACCEPTED
[28May2025 01:58:27.837] [Netty Server IO #2/DEBUG] [net.minecraftforge.network.NetworkRegistry/NETREGISTRY]: Channel 'voicechat:joined_group' : Version test of 'ALLOWVANILLA 💓💓💓' from client : ACCEPTED
[28May2025 01:58:27.837] [Netty Server IO #2/DEBUG] [net.minecraftforge.network.NetworkRegistry/NETREGISTRY]: Channel 'modernfix:main' : Version test of '1' from client : ACCEPTED
[28May2025 01:58:27.837] [Netty Server IO #2/DEBUG] [net.minecraftforge.network.NetworkRegistry/NETREGISTRY]: Channel 'voicechat:update_state' : Version test of 'ALLOWVANILLA 💓💓💓' from client : ACCEPTED
[28May2025 01:58:27.837] [Netty Server IO #2/DEBUG] [net.minecraftforge.network.NetworkRegistry/NETREGISTRY]: Channel 'voicechat:player_states' : Version test of 'ALLOWVANILLA 💓💓💓' from client : ACCEPTED
[28May2025 01:58:27.837] [Netty Server IO #2/DEBUG] [net.minecraftforge.network.NetworkRegistry/NETREGISTRY]: Channel 'cave_dweller:main' : Version test of '2' from client : ACCEPTED
[28May2025 01:58:27.837] [Netty Server IO #2/DEBUG] [net.minecraftforge.network.NetworkRegistry/NETREGISTRY]: Channel 'voicechat:add_group' : Version test of 'ALLOWVANILLA 💓💓💓' from client : ACCEPTED
[28May2025 01:58:27.837] [Netty Server IO #2/DEBUG] [net.minecraftforge.network.NetworkRegistry/NETREGISTRY]: Channel 'fml:loginwrapper' : Version test of 'FML3' from client : ACCEPTED
[28May2025 01:58:27.837] [Netty Server IO #2/DEBUG] [net.minecraftforge.network.NetworkRegistry/NETREGISTRY]: Channel 'forge:tier_sorting' : Version test of '1.0' from client : ACCEPTED
[28May2025 01:58:27.837] [Netty Server IO #2/DEBUG] [net.minecraftforge.network.NetworkRegistry/NETREGISTRY]: Channel 'voicechat:player_state' : Version test of 'ALLOWVANILLA 💓💓💓' from client : ACCEPTED
[28May2025 01:58:27.837] [Netty Server IO #2/DEBUG] [net.minecraftforge.network.NetworkRegistry/NETREGISTRY]: Channel 'skinwalker_overhaul:main' : Version test of '2' from client : ACCEPTED
[28May2025 01:58:27.837] [Netty Server IO #2/DEBUG] [net.minecraftforge.network.NetworkRegistry/NETREGISTRY]: Channel 'fml:play' : Version test of 'FML3' from client : ACCEPTED
[28May2025 01:58:27.837] [Netty Server IO #2/DEBUG] [net.minecraftforge.network.NetworkRegistry/NETREGISTRY]: Channel 'voicechat:request_secret' : Version test of 'ALLOWVANILLA 💓💓💓' from client : ACCEPTED
[28May2025 01:58:27.837] [Netty Server IO #2/DEBUG] [net.minecraftforge.network.NetworkRegistry/NETREGISTRY]: Channel 'mimic_dweller:mimic_dweller' : Version test of '1' from client : ACCEPTED
[28May2025 01:58:27.837] [Netty Server IO #2/DEBUG] [net.minecraftforge.network.NetworkRegistry/NETREGISTRY]: Channel 'fml:handshake' : Version test of 'FML3' from client : ACCEPTED
[28May2025 01:58:27.837] [Netty Server IO #2/DEBUG] [net.minecraftforge.network.NetworkRegistry/NETREGISTRY]: Channel 'voicechat:remove_category' : Version test of 'ALLOWVANILLA 💓💓💓' from client : ACCEPTED
[28May2025 01:58:27.837] [Netty Server IO #2/DEBUG] [net.minecraftforge.network.NetworkRegistry/NETREGISTRY]: Channel 'voicechat:remove_group' : Version test of 'ALLOWVANILLA 💓💓💓' from client : ACCEPTED
[28May2025 01:58:27.837] [Netty Server IO #2/DEBUG] [net.minecraftforge.network.NetworkRegistry/NETREGISTRY]: Channel 'voicechat:add_category' : Version test of 'ALLOWVANILLA 💓💓💓' from client : ACCEPTED
[28May2025 01:58:27.837] [Netty Server IO #2/DEBUG] [net.minecraftforge.network.NetworkRegistry/NETREGISTRY]: Channel 'geckolib3:main' : Version test of '0' from client : ACCEPTED
[28May2025 01:58:27.837] [Netty Server IO #2/DEBUG] [net.minecraftforge.network.NetworkRegistry/NETREGISTRY]: Channel 'minecraft:register' : Version test of 'FML3' from client : ACCEPTED
[28May2025 01:58:27.837] [Netty Server IO #2/DEBUG] [net.minecraftforge.network.NetworkRegistry/NETREGISTRY]: Channel 'forge:split' : Version test of '1.1' from client : ACCEPTED
[28May2025 01:58:27.837] [Netty Server IO #2/DEBUG] [net.minecraftforge.network.NetworkRegistry/NETREGISTRY]: Accepting channel list from client
[28May2025 01:58:27.838] [Netty Server IO #2/DEBUG] [net.minecraftforge.network.HandshakeHandler/FMLHANDSHAKE]: Accepted client connection mod list
[28May2025 01:58:27.874] [Server thread/DEBUG] [net.minecraftforge.network.HandshakeHandler/FMLHANDSHAKE]: Sending ticking packet info 'Registry minecraft:command_argument_type' to 'fml:handshake' sequence 2
[28May2025 01:58:27.878] [Netty Server IO #2/DEBUG] [net.minecraftforge.network.LoginWrapper/FMLHANDSHAKE]: Recieved login wrapper packet event for channel fml:handshake with index 2
[28May2025 01:58:27.878] [Netty Server IO #2/DEBUG] [net.minecraftforge.network.HandshakeHandler/FMLHANDSHAKE]: Received client indexed reply 2 of type net.minecraftforge.network.HandshakeMessages$C2SAcknowledge
[28May2025 01:58:27.879] [Netty Server IO #2/DEBUG] [net.minecraftforge.network.HandshakeHandler/FMLHANDSHAKE]: Received acknowledgement from client
[28May2025 01:58:27.923] [Server thread/DEBUG] [net.minecraftforge.network.HandshakeHandler/FMLHANDSHAKE]: Sending ticking packet info 'Registry minecraft:recipe_serializer' to 'fml:handshake' sequence 3
[28May2025 01:58:27.926] [Netty Server IO #2/DEBUG] [net.minecraftforge.network.LoginWrapper/FMLHANDSHAKE]: Recieved login wrapper packet event for channel fml:handshake with index 3
[28May2025 01:58:27.929] [Netty Server IO #2/DEBUG] [net.minecraftforge.network.HandshakeHandler/FMLHANDSHAKE]: Received client indexed reply 3 of type net.minecraftforge.network.HandshakeMessages$C2SAcknowledge
[28May2025 01:58:27.929] [Netty Server IO #2/DEBUG] [net.minecraftforge.network.HandshakeHandler/FMLHANDSHAKE]: Received acknowledgement from client
[28May2025 01:58:27.974] [Server thread/DEBUG] [net.minecraftforge.network.HandshakeHandler/FMLHANDSHAKE]: Sending ticking packet info 'Registry minecraft:sound_event' to 'fml:handshake' sequence 4
[28May2025 01:58:27.998] [Netty Server IO #2/DEBUG] [net.minecraftforge.network.LoginWrapper/FMLHANDSHAKE]: Recieved login wrapper packet event for channel fml:handshake with index 4
[28May2025 01:58:27.998] [Netty Server IO #2/DEBUG] [net.minecraftforge.network.HandshakeHandler/FMLHANDSHAKE]: Received client indexed reply 4 of type net.minecraftforge.network.HandshakeMessages$C2SAcknowledge
[28May2025 01:58:27.998] [Netty Server IO #2/DEBUG] [net.minecraftforge.network.HandshakeHandler/FMLHANDSHAKE]: Received acknowledgement from client
[28May2025 01:58:28.029] [Server thread/DEBUG] [net.minecraftforge.network.HandshakeHandler/FMLHANDSHAKE]: Sending ticking packet info 'Registry minecraft:particle_type' to 'fml:handshake' sequence 5
[28May2025 01:58:28.032] [Netty Server IO #2/DEBUG] [net.minecraftforge.network.LoginWrapper/FMLHANDSHAKE]: Recieved login wrapper packet event for channel fml:handshake with index 5
[28May2025 01:58:28.032] [Netty Server IO #2/DEBUG] [net.minecraftforge.network.HandshakeHandler/FMLHANDSHAKE]: Received client indexed reply 5 of type net.minecraftforge.network.HandshakeMessages$C2SAcknowledge
[28May2025 01:58:28.032] [Netty Server IO #2/DEBUG] [net.minecraftforge.network.HandshakeHandler/FMLHANDSHAKE]: Received acknowledgement from client
[28May2025 01:58:28.074] [Server thread/DEBUG] [net.minecraftforge.network.HandshakeHandler/FMLHANDSHAKE]: Sending ticking packet info 'Registry minecraft:villager_profession' to 'fml:handshake' sequence 6
[28May2025 01:58:28.077] [Netty Server IO #2/DEBUG] [net.minecraftforge.network.LoginWrapper/FMLHANDSHAKE]: Recieved login wrapper packet event for channel fml:handshake with index 6
[28May2025 01:58:28.077] [Netty Server IO #2/DEBUG] [net.minecraftforge.network.HandshakeHandler/FMLHANDSHAKE]: Received client indexed reply 6 of type net.minecraftforge.network.HandshakeMessages$C2SAcknowledge
[28May2025 01:58:28.077] [Netty Server IO #2/DEBUG] [net.minecraftforge.network.HandshakeHandler/FMLHANDSHAKE]: Received acknowledgement from client
[28May2025 01:58:28.123] [Server thread/DEBUG] [net.minecraftforge.network.HandshakeHandler/FMLHANDSHAKE]: Sending ticking packet info 'Registry minecraft:item' to 'fml:handshake' sequence 7
[28May2025 01:58:28.145] [Netty Server IO #2/DEBUG] [net.minecraftforge.network.LoginWrapper/FMLHANDSHAKE]: Recieved login wrapper packet event for channel fml:handshake with index 7
[28May2025 01:58:28.145] [Netty Server IO #2/DEBUG] [net.minecraftforge.network.HandshakeHandler/FMLHANDSHAKE]: Received client indexed reply 7 of type net.minecraftforge.network.HandshakeMessages$C2SAcknowledge
[28May2025 01:58:28.145] [Netty Server IO #2/DEBUG] [net.minecraftforge.network.HandshakeHandler/FMLHANDSHAKE]: Received acknowledgement from client
[28May2025 01:58:28.174] [Server thread/DEBUG] [net.minecraftforge.network.HandshakeHandler/FMLHANDSHAKE]: Sending ticking packet info 'Registry minecraft:potion' to 'fml:handshake' sequence 8
[28May2025 01:58:28.180] [Netty Server IO #2/DEBUG] [net.minecraftforge.network.LoginWrapper/FMLHANDSHAKE]: Recieved login wrapper packet event for channel fml:handshake with index 8
[28May2025 01:58:28.181] [Netty Server IO #2/DEBUG] [net.minecraftforge.network.HandshakeHandler/FMLHANDSHAKE]: Received client indexed reply 8 of type net.minecraftforge.network.HandshakeMessages$C2SAcknowledge
[28May2025 01:58:28.181] [Netty Server IO #2/DEBUG] [net.minecraftforge.network.HandshakeHandler/FMLHANDSHAKE]: Received acknowledgement from client
[28May2025 01:58:28.225] [Server thread/DEBUG] [net.minecraftforge.network.HandshakeHandler/FMLHANDSHAKE]: Sending ticking packet info 'Registry minecraft:painting_variant' to 'fml:handshake' sequence 9
[28May2025 01:58:28.233] [Netty Server IO #2/DEBUG] [net.minecraftforge.network.LoginWrapper/FMLHANDSHAKE]: Recieved login wrapper packet event for channel fml:handshake with index 9
[28May2025 01:58:28.234] [Netty Server IO #2/DEBUG] [net.minecraftforge.network.HandshakeHandler/FMLHANDSHAKE]: Received client indexed reply 9 of type net.minecraftforge.network.HandshakeMessages$C2SAcknowledge
[28May2025 01:58:28.234] [Netty Server IO #2/DEBUG] [net.minecraftforge.network.HandshakeHandler/FMLHANDSHAKE]: Received acknowledgement from client
[28May2025 01:58:28.276] [Server thread/DEBUG] [net.minecraftforge.network.HandshakeHandler/FMLHANDSHAKE]: Sending ticking packet info 'Registry forge:fluid_type' to 'fml:handshake' sequence 10
[28May2025 01:58:28.281] [Netty Server IO #2/DEBUG] [net.minecraftforge.network.LoginWrapper/FMLHANDSHAKE]: Recieved login wrapper packet event for channel fml:handshake with index 10
[28May2025 01:58:28.281] [Netty Server IO #2/DEBUG] [net.minecraftforge.network.HandshakeHandler/FMLHANDSHAKE]: Received client indexed reply 10 of type net.minecraftforge.network.HandshakeMessages$C2SAcknowledge
[28May2025 01:58:28.281] [Netty Server IO #2/DEBUG] [net.minecraftforge.network.HandshakeHandler/FMLHANDSHAKE]: Received acknowledgement from client
[28May2025 01:58:28.325] [Server thread/DEBUG] [net.minecraftforge.network.HandshakeHandler/FMLHANDSHAKE]: Sending ticking packet info 'Registry minecraft:block_entity_type' to 'fml:handshake' sequence 11
[28May2025 01:58:28.329] [Netty Server IO #2/DEBUG] [net.minecraftforge.network.LoginWrapper/FMLHANDSHAKE]: Recieved login wrapper packet event for channel fml:handshake with index 11
[28May2025 01:58:28.329] [Netty Server IO #2/DEBUG] [net.minecraftforge.network.HandshakeHandler/FMLHANDSHAKE]: Received client indexed reply 11 of type net.minecraftforge.network.HandshakeMessages$C2SAcknowledge
[28May2025 01:58:28.329] [Netty Server IO #2/DEBUG] [net.minecraftforge.network.HandshakeHandler/FMLHANDSHAKE]: Received acknowledgement from client
[28May2025 01:58:28.375] [Server thread/DEBUG] [net.minecraftforge.network.HandshakeHandler/FMLHANDSHAKE]: Sending ticking packet info 'Registry minecraft:block' to 'fml:handshake' sequence 12
[28May2025 01:58:28.385] [Netty Server IO #2/DEBUG] [net.minecraftforge.network.LoginWrapper/FMLHANDSHAKE]: Recieved login wrapper packet event for channel fml:handshake with index 12
[28May2025 01:58:28.385] [Netty Server IO #2/DEBUG] [net.minecraftforge.network.HandshakeHandler/FMLHANDSHAKE]: Received client indexed reply 12 of type net.minecraftforge.network.HandshakeMessages$C2SAcknowledge
[28May2025 01:58:28.386] [Netty Server IO #2/DEBUG] [net.minecraftforge.network.HandshakeHandler/FMLHANDSHAKE]: Received acknowledgement from client
[28May2025 01:58:28.423] [Server thread/DEBUG] [net.minecraftforge.network.HandshakeHandler/FMLHANDSHAKE]: Sending ticking packet info 'Registry forge:entity_data_serializers' to 'fml:handshake' sequence 13
[28May2025 01:58:28.428] [Netty Server IO #2/DEBUG] [net.minecraftforge.network.LoginWrapper/FMLHANDSHAKE]: Recieved login wrapper packet event for channel fml:handshake with index 13
[28May2025 01:58:28.428] [Netty Server IO #2/DEBUG] [net.minecraftforge.network.HandshakeHandler/FMLHANDSHAKE]: Received client indexed reply 13 of type net.minecraftforge.network.HandshakeMessages$C2SAcknowledge
[28May2025 01:58:28.428] [Netty Server IO #2/DEBUG] [net.minecraftforge.network.HandshakeHandler/FMLHANDSHAKE]: Received acknowledgement from client
[28May2025 01:58:28.473] [Server thread/DEBUG] [net.minecraftforge.network.HandshakeHandler/FMLHANDSHAKE]: Sending ticking packet info 'Registry minecraft:mob_effect' to 'fml:handshake' sequence 14
[28May2025 01:58:28.487] [Netty Server IO #2/DEBUG] [net.minecraftforge.network.LoginWrapper/FMLHANDSHAKE]: Recieved login wrapper packet event for channel fml:handshake with index 14
[28May2025 01:58:28.487] [Netty Server IO #2/DEBUG] [net.minecraftforge.network.HandshakeHandler/FMLHANDSHAKE]: Received client indexed reply 14 of type net.minecraftforge.network.HandshakeMessages$C2SAcknowledge
[28May2025 01:58:28.488] [Netty Server IO #2/DEBUG] [net.minecraftforge.network.HandshakeHandler/FMLHANDSHAKE]: Received acknowledgement from client
[28May2025 01:58:28.523] [Server thread/DEBUG] [net.minecraftforge.network.HandshakeHandler/FMLHANDSHAKE]: Sending ticking packet info 'Registry minecraft:stat_type' to 'fml:handshake' sequence 15
[28May2025 01:58:28.529] [Netty Server IO #2/DEBUG] [net.minecraftforge.network.LoginWrapper/FMLHANDSHAKE]: Recieved login wrapper packet event for channel fml:handshake with index 15
[28May2025 01:58:28.529] [Netty Server IO #2/DEBUG] [net.minecraftforge.network.HandshakeHandler/FMLHANDSHAKE]: Received client indexed reply 15 of type net.minecraftforge.network.HandshakeMessages$C2SAcknowledge
[28May2025 01:58:28.529] [Netty Server IO #2/DEBUG] [net.minecraftforge.network.HandshakeHandler/FMLHANDSHAKE]: Received acknowledgement from client
[28May2025 01:58:28.571] [Server thread/DEBUG] [net.minecraftforge.network.HandshakeHandler/FMLHANDSHAKE]: Sending ticking packet info 'Registry minecraft:menu' to 'fml:handshake' sequence 16
[28May2025 01:58:28.573] [Netty Server IO #2/DEBUG] [net.minecraftforge.network.LoginWrapper/FMLHANDSHAKE]: Recieved login wrapper packet event for channel fml:handshake with index 16
[28May2025 01:58:28.574] [Netty Server IO #2/DEBUG] [net.minecraftforge.network.HandshakeHandler/FMLHANDSHAKE]: Received client indexed reply 16 of type net.minecraftforge.network.HandshakeMessages$C2SAcknowledge
[28May2025 01:58:28.574] [Netty Server IO #2/DEBUG] [net.minecraftforge.network.HandshakeHandler/FMLHANDSHAKE]: Received acknowledgement from client
[28May2025 01:58:28.623] [Server thread/DEBUG] [net.minecraftforge.network.HandshakeHandler/FMLHANDSHAKE]: Sending ticking packet info 'Registry minecraft:enchantment' to 'fml:handshake' sequence 17
[28May2025 01:58:28.628] [Netty Server IO #2/DEBUG] [net.minecraftforge.network.LoginWrapper/FMLHANDSHAKE]: Recieved login wrapper packet event for channel fml:handshake with index 17
[28May2025 01:58:28.628] [Netty Server IO #2/DEBUG] [net.minecraftforge.network.HandshakeHandler/FMLHANDSHAKE]: Received client indexed reply 17 of type net.minecraftforge.network.HandshakeMessages$C2SAcknowledge
[28May2025 01:58:28.628] [Netty Server IO #2/DEBUG] [net.minecraftforge.network.HandshakeHandler/FMLHANDSHAKE]: Received acknowledgement from client
[28May2025 01:58:28.673] [Server thread/DEBUG] [net.minecraftforge.network.HandshakeHandler/FMLHANDSHAKE]: Sending ticking packet info 'Registry minecraft:fluid' to 'fml:handshake' sequence 18
[28May2025 01:58:28.676] [Netty Server IO #2/DEBUG] [net.minecraftforge.network.LoginWrapper/FMLHANDSHAKE]: Recieved login wrapper packet event for channel fml:handshake with index 18
[28May2025 01:58:28.676] [Netty Server IO #2/DEBUG] [net.minecraftforge.network.HandshakeHandler/FMLHANDSHAKE]: Received client indexed reply 18 of type net.minecraftforge.network.HandshakeMessages$C2SAcknowledge
[28May2025 01:58:28.676] [Netty Server IO #2/DEBUG] [net.minecraftforge.network.HandshakeHandler/FMLHANDSHAKE]: Received acknowledgement from client
[28May2025 01:58:28.723] [Server thread/DEBUG] [net.minecraftforge.network.HandshakeHandler/FMLHANDSHAKE]: Sending ticking packet info 'Registry minecraft:entity_type' to 'fml:handshake' sequence 19
[28May2025 01:58:28.769] [Netty Server IO #2/DEBUG] [net.minecraftforge.network.LoginWrapper/FMLHANDSHAKE]: Recieved login wrapper packet event for channel fml:handshake with index 19
[28May2025 01:58:28.769] [Netty Server IO #2/DEBUG] [net.minecraftforge.network.HandshakeHandler/FMLHANDSHAKE]: Received client indexed reply 19 of type net.minecraftforge.network.HandshakeMessages$C2SAcknowledge
[28May2025 01:58:28.769] [Netty Server IO #2/DEBUG] [net.minecraftforge.network.HandshakeHandler/FMLHANDSHAKE]: Received acknowledgement from client
[28May2025 01:58:28.773] [Server thread/DEBUG] [net.minecraftforge.network.HandshakeHandler/FMLHANDSHAKE]: Sending ticking packet info 'Config skinwalker_overhaul-server.toml' to 'fml:handshake' sequence 20
[28May2025 01:58:28.776] [Netty Server IO #2/DEBUG] [net.minecraftforge.network.LoginWrapper/FMLHANDSHAKE]: Recieved login wrapper packet event for channel fml:handshake with index 20
[28May2025 01:58:28.776] [Netty Server IO #2/DEBUG] [net.minecraftforge.network.HandshakeHandler/FMLHANDSHAKE]: Received client indexed reply 20 of type net.minecraftforge.network.HandshakeMessages$C2SAcknowledge
[28May2025 01:58:28.776] [Netty Server IO #2/DEBUG] [net.minecraftforge.network.HandshakeHandler/FMLHANDSHAKE]: Received acknowledgement from client
[28May2025 01:58:28.823] [Server thread/DEBUG] [net.minecraftforge.network.HandshakeHandler/FMLHANDSHAKE]: Sending ticking packet info 'Config cave_dweller-server.toml' to 'fml:handshake' sequence 21
[28May2025 01:58:28.825] [Netty Server IO #2/DEBUG] [net.minecraftforge.network.LoginWrapper/FMLHANDSHAKE]: Recieved login wrapper packet event for channel fml:handshake with index 21
[28May2025 01:58:28.826] [Netty Server IO #2/DEBUG] [net.minecraftforge.network.HandshakeHandler/FMLHANDSHAKE]: Received client indexed reply 21 of type net.minecraftforge.network.HandshakeMessages$C2SAcknowledge
[28May2025 01:58:28.826] [Netty Server IO #2/DEBUG] [net.minecraftforge.network.HandshakeHandler/FMLHANDSHAKE]: Received acknowledgement from client
[28May2025 01:58:28.873] [Server thread/DEBUG] [net.minecraftforge.network.HandshakeHandler/FMLHANDSHAKE]: Sending ticking packet info 'Config old_goatman-server.toml' to 'fml:handshake' sequence 22
[28May2025 01:58:28.876] [Netty Server IO #2/DEBUG] [net.minecraftforge.network.LoginWrapper/FMLHANDSHAKE]: Recieved login wrapper packet event for channel fml:handshake with index 22
[28May2025 01:58:28.876] [Netty Server IO #2/DEBUG] [net.minecraftforge.network.HandshakeHandler/FMLHANDSHAKE]: Received client indexed reply 22 of type net.minecraftforge.network.HandshakeMessages$C2SAcknowledge
[28May2025 01:58:28.876] [Netty Server IO #2/DEBUG] [net.minecraftforge.network.HandshakeHandler/FMLHANDSHAKE]: Received acknowledgement from client
[28May2025 01:58:28.924] [Server thread/DEBUG] [net.minecraftforge.network.HandshakeHandler/FMLHANDSHAKE]: Sending ticking packet info 'Config forge-server.toml' to 'fml:handshake' sequence 23
[28May2025 01:58:28.927] [Netty Server IO #2/DEBUG] [net.minecraftforge.network.LoginWrapper/FMLHANDSHAKE]: Recieved login wrapper packet event for channel fml:handshake with index 23
[28May2025 01:58:28.927] [Netty Server IO #2/DEBUG] [net.minecraftforge.network.HandshakeHandler/FMLHANDSHAKE]: Received client indexed reply 23 of type net.minecraftforge.network.HandshakeMessages$C2SAcknowledge
[28May2025 01:58:28.927] [Netty Server IO #2/DEBUG] [net.minecraftforge.network.HandshakeHandler/FMLHANDSHAKE]: Received acknowledgement from client
[28May2025 01:58:28.975] [Server thread/DEBUG] [net.minecraftforge.network.HandshakeHandler/FMLHANDSHAKE]: Handshake complete!
[28May2025 01:58:29.056] [Server thread/DEBUG] [mixin/]: Mixing perf.faster_advancements.PlayerAdvancementsMixin from modernfix-forge.mixins.json into net.minecraft.server.PlayerAdvancements
[28May2025 01:58:29.065] [Server thread/INFO] [net.minecraftforge.common.AdvancementLoadFix/]: Using new advancement loading for net.minecraft.server.PlayerAdvancements@7df97a06
[28May2025 01:58:29.071] [Server thread/INFO] [net.minecraft.server.players.PlayerList/]: discoinferno_[/127.0.0.1:65351] logged in with entity id 148 at (-299.69442609428955, 98.0, 245.80751618125225)
[28May2025 01:58:29.077] [Server thread/DEBUG] [net.minecraftforge.network.filters.NetworkFilters/]: Injected net.minecraftforge.network.filters.ForgeConnectionNetworkFilter@175660e into net.minecraft.network.Connection@5420c3ca
[28May2025 01:58:29.083] [Server thread/DEBUG] [ModernFix/]: Sending ID correction packet to client with 66 classes
[28May2025 01:58:29.103] [Server thread/INFO] [net.minecraft.server.MinecraftServer/]: discoinferno_ joined the game
[28May2025 01:58:29.131] [Server thread/DEBUG] [voicechat/]: [voicechat] Setting default state of discoinferno_: {disabled=false, disconnected=true, uuid=4be5d073-d865-48dc-9c9a-f05c0a542a51, name=discoinferno_, group=null}
[28May2025 01:58:29.164] [Server thread/DEBUG] [io.netty.util.internal.ThreadLocalRandom/]: -Dio.netty.initialSeedUniquifier: 0x072ae5a6e098347c
[28May2025 01:58:31.629] [Server thread/INFO] [voicechat/]: [voicechat] Received secret request of discoinferno_ (18)
[28May2025 01:58:31.630] [Server thread/DEBUG] [voicechat/]: [voicechat] Sending initial states to discoinferno_
[28May2025 01:58:31.630] [Server thread/DEBUG] [voicechat/]: [voicechat] Synchronizing 0 groups with discoinferno_
[28May2025 01:58:31.630] [Server thread/DEBUG] [voicechat/]: [voicechat] Synchronizing 0 volume categories with discoinferno_
[28May2025 01:58:31.630] [Server thread/INFO] [voicechat/]: [voicechat] Sent secret to discoinferno_
[28May2025 01:58:31.839] [VoiceChatPacketProcessingThread/INFO] [voicechat/]: [voicechat] Successfully authenticated player 4be5d073-d865-48dc-9c9a-f05c0a542a51
[28May2025 01:58:32.842] [VoiceChatPacketProcessingThread/INFO] [voicechat/]: [voicechat] Successfully validated connection of player 4be5d073-d865-48dc-9c9a-f05c0a542a51
[28May2025 01:58:32.843] [VoiceChatPacketProcessingThread/DEBUG] [voicechat/]: [voicechat] Set state of discoinferno_ to connected: {disabled=false, disconnected=false, uuid=4be5d073-d865-48dc-9c9a-f05c0a542a51, name=discoinferno_, group=null}
[28May2025 01:58:32.844] [VoiceChatPacketProcessingThread/INFO] [voicechat/]: [voicechat] Player discoinferno_ (4be5d073-d865-48dc-9c9a-f05c0a542a51) successfully connected to voice chat
[28May2025 01:58:32.845] [Server thread/DEBUG] [voicechat/]: [voicechat] Got state of discoinferno_: {disabled=true, disconnected=false, uuid=4be5d073-d865-48dc-9c9a-f05c0a542a51, name=discoinferno_, group=null}
[28May2025 02:00:06.703] [Server thread/WARN] [net.minecraft.server.network.ServerGamePacketListenerImpl/]: discoinferno_ moved too quickly! 9.693350955005883,-3.3747383203857453,1.3013911384170456
[28May2025 02:00:17.643] [Server thread/INFO] [net.minecraft.server.MinecraftServer/]: [discoinferno_: Set the time to 1000]
[28May2025 02:00:43.892] [Server thread/INFO] [net.minecraft.server.MinecraftServer/]: discoinferno_ has made the advancement [Monster Hunter]
[28May2025 02:01:04.409] [Server thread/INFO] [net.minecraft.server.MinecraftServer/]: [discoinferno_: Summoned new a Not-Deer]
[28May2025 02:01:20.242] [Server thread/INFO] [net.minecraft.server.MinecraftServer/]: [discoinferno_: Set own game mode to Survival Mode]
[28May2025 02:01:28.882] [Server thread/INFO] [net.minecraft.server.MinecraftServer/]: discoinferno_ was slain by a Not-Deer
[28May2025 02:01:34.104] [Server thread/INFO] [net.minecraft.server.MinecraftServer/]: [discoinferno_: Set own game mode to Creative Mode]
[28May2025 02:03:00.102] [Server thread/DEBUG] [net.minecraftforge.common.ForgeHooks/WP]: Gathering id map for writing to world save world
[28May2025 02:03:00.113] [Server thread/DEBUG] [net.minecraftforge.common.ForgeHooks/WP]: ID Map collection complete world
[28May2025 02:05:17.684] [Server thread/INFO] [net.minecraft.server.network.ServerGamePacketListenerImpl/]: discoinferno_ lost connection: Disconnected
[28May2025 02:05:17.687] [Server thread/INFO] [net.minecraft.server.MinecraftServer/]: discoinferno_ left the game
[28May2025 02:05:17.693] [Server thread/DEBUG] [voicechat/]: [voicechat] Removing state of discoinferno_
[28May2025 02:05:17.696] [Server thread/INFO] [voicechat/]: [voicechat] Disconnecting client discoinferno_
[28May2025 02:08:00.098] [Server thread/DEBUG] [net.minecraftforge.common.ForgeHooks/WP]: Gathering id map for writing to world save world
[28May2025 02:08:00.106] [Server thread/DEBUG] [net.minecraftforge.common.ForgeHooks/WP]: ID Map collection complete world
[28May2025 02:10:21.133] [Netty Server IO #5/DEBUG] [net.minecraftforge.network.HandshakeHandler/FMLHANDSHAKE]: Starting new modded impl connection. Found 24 messages to dispatch.
[28May2025 02:10:21.702] [User Authenticator #2/INFO] [net.minecraft.server.network.ServerLoginPacketListenerImpl/]: UUID of player discoinferno_ is 4be5d073-d865-48dc-9c9a-f05c0a542a51
[28May2025 02:10:21.729] [Server thread/DEBUG] [net.minecraftforge.network.HandshakeHandler/FMLHANDSHAKE]: Sending ticking packet info 'net.minecraftforge.network.HandshakeMessages$S2CModData' to 'fml:handshake' sequence 0
[28May2025 02:10:21.780] [Server thread/DEBUG] [net.minecraftforge.network.HandshakeHandler/FMLHANDSHAKE]: Sending ticking packet info 'net.minecraftforge.network.HandshakeMessages$S2CModList' to 'fml:handshake' sequence 1
[28May2025 02:10:21.787] [Netty Server IO #5/DEBUG] [net.minecraftforge.network.LoginWrapper/FMLHANDSHAKE]: Recieved login wrapper packet event for channel fml:handshake with index 1
[28May2025 02:10:21.788] [Netty Server IO #5/DEBUG] [net.minecraftforge.network.HandshakeHandler/FMLHANDSHAKE]: Received client indexed reply 1 of type net.minecraftforge.network.HandshakeMessages$C2SModListReply
[28May2025 02:10:21.788] [Netty Server IO #5/DEBUG] [net.minecraftforge.network.HandshakeHandler/FMLHANDSHAKE]: Received client connection with modlist [minecraft, entity_model_features, entity_texture_features, mixinextras, voicechat, mimic_dweller, lazydfu, starlight, ferritecore, minecraftcapes, rubidium_extras, forge, rubidium, yeetusexperimentus, oculus, xaerominimap, geckolib3, skinwalker_overhaul, cave_dweller, old_goatman, modernfix]
[28May2025 02:10:21.788] [Netty Server IO #5/DEBUG] [net.minecraftforge.network.NetworkRegistry/NETREGISTRY]: Channel 'old_goatman:main' : Version test of '2' from client : ACCEPTED
[28May2025 02:10:21.788] [Netty Server IO #5/DEBUG] [net.minecraftforge.network.NetworkRegistry/NETREGISTRY]: Channel 'voicechat:secret' : Version test of 'ALLOWVANILLA 💓💓💓' from client : ACCEPTED
[28May2025 02:10:21.788] [Netty Server IO #5/DEBUG] [net.minecraftforge.network.NetworkRegistry/NETREGISTRY]: Channel 'voicechat:leave_group' : Version test of 'ALLOWVANILLA 💓💓💓' from client : ACCEPTED
[28May2025 02:10:21.788] [Netty Server IO #5/DEBUG] [net.minecraftforge.network.NetworkRegistry/NETREGISTRY]: Channel 'voicechat:create_group' : Version test of 'ALLOWVANILLA 💓💓💓' from client : ACCEPTED
[28May2025 02:10:21.788] [Netty Server IO #5/DEBUG] [net.minecraftforge.network.NetworkRegistry/NETREGISTRY]: Channel 'minecraft:unregister' : Version test of 'FML3' from client : ACCEPTED
[28May2025 02:10:21.788] [Netty Server IO #5/DEBUG] [net.minecraftforge.network.NetworkRegistry/NETREGISTRY]: Channel 'xaerominimap:main' : Version test of '1.0' from client : ACCEPTED
[28May2025 02:10:21.789] [Netty Server IO #5/DEBUG] [net.minecraftforge.network.NetworkRegistry/NETREGISTRY]: Channel 'voicechat:set_group' : Version test of 'ALLOWVANILLA 💓💓💓' from client : ACCEPTED
[28May2025 02:10:21.789] [Netty Server IO #5/DEBUG] [net.minecraftforge.network.NetworkRegistry/NETREGISTRY]: Channel 'voicechat:joined_group' : Version test of 'ALLOWVANILLA 💓💓💓' from client : ACCEPTED
[28May2025 02:10:21.789] [Netty Server IO #5/DEBUG] [net.minecraftforge.network.NetworkRegistry/NETREGISTRY]: Channel 'modernfix:main' : Version test of '1' from client : ACCEPTED
[28May2025 02:10:21.789] [Netty Server IO #5/DEBUG] [net.minecraftforge.network.NetworkRegistry/NETREGISTRY]: Channel 'voicechat:update_state' : Version test of 'ALLOWVANILLA 💓💓💓' from client : ACCEPTED
[28May2025 02:10:21.789] [Netty Server IO #5/DEBUG] [net.minecraftforge.network.NetworkRegistry/NETREGISTRY]: Channel 'voicechat:player_states' : Version test of 'ALLOWVANILLA 💓💓💓' from client : ACCEPTED
[28May2025 02:10:21.789] [Netty Server IO #5/DEBUG] [net.minecraftforge.network.NetworkRegistry/NETREGISTRY]: Channel 'cave_dweller:main' : Version test of '2' from client : ACCEPTED
[28May2025 02:10:21.789] [Netty Server IO #5/DEBUG] [net.minecraftforge.network.NetworkRegistry/NETREGISTRY]: Channel 'voicechat:add_group' : Version test of 'ALLOWVANILLA 💓💓💓' from client : ACCEPTED
[28May2025 02:10:21.789] [Netty Server IO #5/DEBUG] [net.minecraftforge.network.NetworkRegistry/NETREGISTRY]: Channel 'fml:loginwrapper' : Version test of 'FML3' from client : ACCEPTED
[28May2025 02:10:21.789] [Netty Server IO #5/DEBUG] [net.minecraftforge.network.NetworkRegistry/NETREGISTRY]: Channel 'forge:tier_sorting' : Version test of '1.0' from client : ACCEPTED
[28May2025 02:10:21.789] [Netty Server IO #5/DEBUG] [net.minecraftforge.network.NetworkRegistry/NETREGISTRY]: Channel 'voicechat:player_state' : Version test of 'ALLOWVANILLA 💓💓💓' from client : ACCEPTED
[28May2025 02:10:21.789] [Netty Server IO #5/DEBUG] [net.minecraftforge.network.NetworkRegistry/NETREGISTRY]: Channel 'skinwalker_overhaul:main' : Version test of '2' from client : ACCEPTED
[28May2025 02:10:21.789] [Netty Server IO #5/DEBUG] [net.minecraftforge.network.NetworkRegistry/NETREGISTRY]: Channel 'fml:play' : Version test of 'FML3' from client : ACCEPTED
[28May2025 02:10:21.789] [Netty Server IO #5/DEBUG] [net.minecraftforge.network.NetworkRegistry/NETREGISTRY]: Channel 'voicechat:request_secret' : Version test of 'ALLOWVANILLA 💓💓💓' from client : ACCEPTED
[28May2025 02:10:21.789] [Netty Server IO #5/DEBUG] [net.minecraftforge.network.NetworkRegistry/NETREGISTRY]: Channel 'mimic_dweller:mimic_dweller' : Version test of '1' from client : ACCEPTED
[28May2025 02:10:21.789] [Netty Server IO #5/DEBUG] [net.minecraftforge.network.NetworkRegistry/NETREGISTRY]: Channel 'fml:handshake' : Version test of 'FML3' from client : ACCEPTED
[28May2025 02:10:21.789] [Netty Server IO #5/DEBUG] [net.minecraftforge.network.NetworkRegistry/NETREGISTRY]: Channel 'voicechat:remove_category' : Version test of 'ALLOWVANILLA 💓💓💓' from client : ACCEPTED
[28May2025 02:10:21.789] [Netty Server IO #5/DEBUG] [net.minecraftforge.network.NetworkRegistry/NETREGISTRY]: Channel 'voicechat:remove_group' : Version test of 'ALLOWVANILLA 💓💓💓' from client : ACCEPTED
[28May2025 02:10:21.789] [Netty Server IO #5/DEBUG] [net.minecraftforge.network.NetworkRegistry/NETREGISTRY]: Channel 'voicechat:add_category' : Version test of 'ALLOWVANILLA 💓💓💓' from client : ACCEPTED
[28May2025 02:10:21.790] [Netty Server IO #5/DEBUG] [net.minecraftforge.network.NetworkRegistry/NETREGISTRY]: Channel 'geckolib3:main' : Version test of '0' from client : ACCEPTED
[28May2025 02:10:21.790] [Netty Server IO #5/DEBUG] [net.minecraftforge.network.NetworkRegistry/NETREGISTRY]: Channel 'minecraft:register' : Version test of 'FML3' from client : ACCEPTED
[28May2025 02:10:21.790] [Netty Server IO #5/DEBUG] [net.minecraftforge.network.NetworkRegistry/NETREGISTRY]: Channel 'forge:split' : Version test of '1.1' from client : ACCEPTED
[28May2025 02:10:21.790] [Netty Server IO #5/DEBUG] [net.minecraftforge.network.NetworkRegistry/NETREGISTRY]: Accepting channel list from client
[28May2025 02:10:21.790] [Netty Server IO #5/DEBUG] [net.minecraftforge.network.HandshakeHandler/FMLHANDSHAKE]: Accepted client connection mod list
[28May2025 02:10:21.831] [Server thread/DEBUG] [net.minecraftforge.network.HandshakeHandler/FMLHANDSHAKE]: Sending ticking packet info 'Registry minecraft:command_argument_type' to 'fml:handshake' sequence 2
[28May2025 02:10:21.833] [Netty Server IO #5/DEBUG] [net.minecraftforge.network.LoginWrapper/FMLHANDSHAKE]: Recieved login wrapper packet event for channel fml:handshake with index 2
[28May2025 02:10:21.834] [Netty Server IO #5/DEBUG] [net.minecraftforge.network.HandshakeHandler/FMLHANDSHAKE]: Received client indexed reply 2 of type net.minecraftforge.network.HandshakeMessages$C2SAcknowledge
[28May2025 02:10:21.834] [Netty Server IO #5/DEBUG] [net.minecraftforge.network.HandshakeHandler/FMLHANDSHAKE]: Received acknowledgement from client
[28May2025 02:10:21.879] [Server thread/DEBUG] [net.minecraftforge.network.HandshakeHandler/FMLHANDSHAKE]: Sending ticking packet info 'Registry minecraft:recipe_serializer' to 'fml:handshake' sequence 3
[28May2025 02:10:21.880] [Netty Server IO #5/DEBUG] [net.minecraftforge.network.LoginWrapper/FMLHANDSHAKE]: Recieved login wrapper packet event for channel fml:handshake with index 3
[28May2025 02:10:21.881] [Netty Server IO #5/DEBUG] [net.minecraftforge.network.HandshakeHandler/FMLHANDSHAKE]: Received client indexed reply 3 of type net.minecraftforge.network.HandshakeMessages$C2SAcknowledge
[28May2025 02:10:21.881] [Netty Server IO #5/DEBUG] [net.minecraftforge.network.HandshakeHandler/FMLHANDSHAKE]: Received acknowledgement from client
[28May2025 02:10:21.930] [Server thread/DEBUG] [net.minecraftforge.network.HandshakeHandler/FMLHANDSHAKE]: Sending ticking packet info 'Registry minecraft:sound_event' to 'fml:handshake' sequence 4
[28May2025 02:10:21.938] [Netty Server IO #5/DEBUG] [net.minecraftforge.network.LoginWrapper/FMLHANDSHAKE]: Recieved login wrapper packet event for channel fml:handshake with index 4
[28May2025 02:10:21.938] [Netty Server IO #5/DEBUG] [net.minecraftforge.network.HandshakeHandler/FMLHANDSHAKE]: Received client indexed reply 4 of type net.minecraftforge.network.HandshakeMessages$C2SAcknowledge
[28May2025 02:10:21.938] [Netty Server IO #5/DEBUG] [net.minecraftforge.network.HandshakeHandler/FMLHANDSHAKE]: Received acknowledgement from client
[28May2025 02:10:21.978] [Server thread/DEBUG] [net.minecraftforge.network.HandshakeHandler/FMLHANDSHAKE]: Sending ticking packet info 'Registry minecraft:particle_type' to 'fml:handshake' sequence 5
[28May2025 02:10:21.980] [Netty Server IO #5/DEBUG] [net.minecraftforge.network.LoginWrapper/FMLHANDSHAKE]: Recieved login wrapper packet event for channel fml:handshake with index 5
[28May2025 02:10:21.980] [Netty Server IO #5/DEBUG] [net.minecraftforge.network.HandshakeHandler/FMLHANDSHAKE]: Received client indexed reply 5 of type net.minecraftforge.network.HandshakeMessages$C2SAcknowledge
[28May2025 02:10:21.980] [Netty Server IO #5/DEBUG] [net.minecraftforge.network.HandshakeHandler/FMLHANDSHAKE]: Received acknowledgement from client
[28May2025 02:10:22.029] [Server thread/DEBUG] [net.minecraftforge.network.HandshakeHandler/FMLHANDSHAKE]: Sending ticking packet info 'Registry minecraft:villager_profession' to 'fml:handshake' sequence 6
[28May2025 02:10:22.031] [Netty Server IO #5/DEBUG] [net.minecraftforge.network.LoginWrapper/FMLHANDSHAKE]: Recieved login wrapper packet event for channel fml:handshake with index 6
[28May2025 02:10:22.031] [Netty Server IO #5/DEBUG] [net.minecraftforge.network.HandshakeHandler/FMLHANDSHAKE]: Received client indexed reply 6 of type net.minecraftforge.network.HandshakeMessages$C2SAcknowledge
[28May2025 02:10:22.031] [Netty Server IO #5/DEBUG] [net.minecraftforge.network.HandshakeHandler/FMLHANDSHAKE]: Received acknowledgement from client
[28May2025 02:10:22.080] [Server thread/DEBUG] [net.minecraftforge.network.HandshakeHandler/FMLHANDSHAKE]: Sending ticking packet info 'Registry minecraft:item' to 'fml:handshake' sequence 7
[28May2025 02:10:22.085] [Netty Server IO #5/DEBUG] [net.minecraftforge.network.LoginWrapper/FMLHANDSHAKE]: Recieved login wrapper packet event for channel fml:handshake with index 7
[28May2025 02:10:22.085] [Netty Server IO #5/DEBUG] [net.minecraftforge.network.HandshakeHandler/FMLHANDSHAKE]: Received client indexed reply 7 of type net.minecraftforge.network.HandshakeMessages$C2SAcknowledge
[28May2025 02:10:22.086] [Netty Server IO #5/DEBUG] [net.minecraftforge.network.HandshakeHandler/FMLHANDSHAKE]: Received acknowledgement from client
[28May2025 02:10:22.130] [Server thread/DEBUG] [net.minecraftforge.network.HandshakeHandler/FMLHANDSHAKE]: Sending ticking packet info 'Registry minecraft:potion' to 'fml:handshake' sequence 8
[28May2025 02:10:22.133] [Netty Server IO #5/DEBUG] [net.minecraftforge.network.LoginWrapper/FMLHANDSHAKE]: Recieved login wrapper packet event for channel fml:handshake with index 8
[28May2025 02:10:22.133] [Netty Server IO #5/DEBUG] [net.minecraftforge.network.HandshakeHandler/FMLHANDSHAKE]: Received client indexed reply 8 of type net.minecraftforge.network.HandshakeMessages$C2SAcknowledge
[28May2025 02:10:22.134] [Netty Server IO #5/DEBUG] [net.minecraftforge.network.HandshakeHandler/FMLHANDSHAKE]: Received acknowledgement from client
[28May2025 02:10:22.182] [Server thread/DEBUG] [net.minecraftforge.network.HandshakeHandler/FMLHANDSHAKE]: Sending ticking packet info 'Registry minecraft:painting_variant' to 'fml:handshake' sequence 9
[28May2025 02:10:22.184] [Netty Server IO #5/DEBUG] [net.minecraftforge.network.LoginWrapper/FMLHANDSHAKE]: Recieved login wrapper packet event for channel fml:handshake with index 9
[28May2025 02:10:22.185] [Netty Server IO #5/DEBUG] [net.minecraftforge.network.HandshakeHandler/FMLHANDSHAKE]: Received client indexed reply 9 of type net.minecraftforge.network.HandshakeMessages$C2SAcknowledge
[28May2025 02:10:22.185] [Netty Server IO #5/DEBUG] [net.minecraftforge.network.HandshakeHandler/FMLHANDSHAKE]: Received acknowledgement from client
[28May2025 02:10:22.230] [Server thread/DEBUG] [net.minecraftforge.network.HandshakeHandler/FMLHANDSHAKE]: Sending ticking packet info 'Registry forge:fluid_type' to 'fml:handshake' sequence 10
[28May2025 02:10:22.234] [Netty Server IO #5/DEBUG] [net.minecraftforge.network.LoginWrapper/FMLHANDSHAKE]: Recieved login wrapper packet event for channel fml:handshake with index 10
[28May2025 02:10:22.234] [Netty Server IO #5/DEBUG] [net.minecraftforge.network.HandshakeHandler/FMLHANDSHAKE]: Received client indexed reply 10 of type net.minecraftforge.network.HandshakeMessages$C2SAcknowledge
[28May2025 02:10:22.234] [Netty Server IO #5/DEBUG] [net.minecraftforge.network.HandshakeHandler/FMLHANDSHAKE]: Received acknowledgement from client
[28May2025 02:10:22.282] [Server thread/DEBUG] [net.minecraftforge.network.HandshakeHandler/FMLHANDSHAKE]: Sending ticking packet info 'Registry minecraft:block_entity_type' to 'fml:handshake' sequence 11
[28May2025 02:10:22.286] [Netty Server IO #5/DEBUG] [net.minecraftforge.network.LoginWrapper/FMLHANDSHAKE]: Recieved login wrapper packet event for channel fml:handshake with index 11
[28May2025 02:10:22.286] [Netty Server IO #5/DEBUG] [net.minecraftforge.network.HandshakeHandler/FMLHANDSHAKE]: Received client indexed reply 11 of type net.minecraftforge.network.HandshakeMessages$C2SAcknowledge
[28May2025 02:10:22.287] [Netty Server IO #5/DEBUG] [net.minecraftforge.network.HandshakeHandler/FMLHANDSHAKE]: Received acknowledgement from client
[28May2025 02:10:22.329] [Server thread/DEBUG] [net.minecraftforge.network.HandshakeHandler/FMLHANDSHAKE]: Sending ticking packet info 'Registry minecraft:block' to 'fml:handshake' sequence 12
[28May2025 02:10:22.339] [Netty Server IO #5/DEBUG] [net.minecraftforge.network.LoginWrapper/FMLHANDSHAKE]: Recieved login wrapper packet event for channel fml:handshake with index 12
[28May2025 02:10:22.339] [Netty Server IO #5/DEBUG] [net.minecraftforge.network.HandshakeHandler/FMLHANDSHAKE]: Received client indexed reply 12 of type net.minecraftforge.network.HandshakeMessages$C2SAcknowledge
[28May2025 02:10:22.339] [Netty Server IO #5/DEBUG] [net.minecraftforge.network.HandshakeHandler/FMLHANDSHAKE]: Received acknowledgement from client
[28May2025 02:10:22.381] [Server thread/DEBUG] [net.minecraftforge.network.HandshakeHandler/FMLHANDSHAKE]: Sending ticking packet info 'Registry forge:entity_data_serializers' to 'fml:handshake' sequence 13
[28May2025 02:10:22.385] [Netty Server IO #5/DEBUG] [net.minecraftforge.network.LoginWrapper/FMLHANDSHAKE]: Recieved login wrapper packet event for channel fml:handshake with index 13
[28May2025 02:10:22.386] [Netty Server IO #5/DEBUG] [net.minecraftforge.network.HandshakeHandler/FMLHANDSHAKE]: Received client indexed reply 13 of type net.minecraftforge.network.HandshakeMessages$C2SAcknowledge
[28May2025 02:10:22.386] [Netty Server IO #5/DEBUG] [net.minecraftforge.network.HandshakeHandler/FMLHANDSHAKE]: Received acknowledgement from client
[28May2025 02:10:22.432] [Server thread/DEBUG] [net.minecraftforge.network.HandshakeHandler/FMLHANDSHAKE]: Sending ticking packet info 'Registry minecraft:mob_effect' to 'fml:handshake' sequence 14
[28May2025 02:10:22.436] [Netty Server IO #5/DEBUG] [net.minecraftforge.network.LoginWrapper/FMLHANDSHAKE]: Recieved login wrapper packet event for channel fml:handshake with index 14
[28May2025 02:10:22.436] [Netty Server IO #5/DEBUG] [net.minecraftforge.network.HandshakeHandler/FMLHANDSHAKE]: Received client indexed reply 14 of type net.minecraftforge.network.HandshakeMessages$C2SAcknowledge
[28May2025 02:10:22.437] [Netty Server IO #5/DEBUG] [net.minecraftforge.network.HandshakeHandler/FMLHANDSHAKE]: Received acknowledgement from client
[28May2025 02:10:22.481] [Server thread/DEBUG] [net.minecraftforge.network.HandshakeHandler/FMLHANDSHAKE]: Sending ticking packet info 'Registry minecraft:stat_type' to 'fml:handshake' sequence 15
[28May2025 02:10:22.485] [Netty Server IO #5/DEBUG] [net.minecraftforge.network.LoginWrapper/FMLHANDSHAKE]: Recieved login wrapper packet event for channel fml:handshake with index 15
[28May2025 02:10:22.485] [Netty Server IO #5/DEBUG] [net.minecraftforge.network.HandshakeHandler/FMLHANDSHAKE]: Received client indexed reply 15 of type net.minecraftforge.network.HandshakeMessages$C2SAcknowledge
[28May2025 02:10:22.485] [Netty Server IO #5/DEBUG] [net.minecraftforge.network.HandshakeHandler/FMLHANDSHAKE]: Received acknowledgement from client
[28May2025 02:10:22.533] [Server thread/DEBUG] [net.minecraftforge.network.HandshakeHandler/FMLHANDSHAKE]: Sending ticking packet info 'Registry minecraft:menu' to 'fml:handshake' sequence 16
[28May2025 02:10:22.537] [Netty Server IO #5/DEBUG] [net.minecraftforge.network.LoginWrapper/FMLHANDSHAKE]: Recieved login wrapper packet event for channel fml:handshake with index 16
[28May2025 02:10:22.538] [Netty Server IO #5/DEBUG] [net.minecraftforge.network.HandshakeHandler/FMLHANDSHAKE]: Received client indexed reply 16 of type net.minecraftforge.network.HandshakeMessages$C2SAcknowledge
[28May2025 02:10:22.538] [Netty Server IO #5/DEBUG] [net.minecraftforge.network.HandshakeHandler/FMLHANDSHAKE]: Received acknowledgement from client
[28May2025 02:10:22.582] [Server thread/DEBUG] [net.minecraftforge.network.HandshakeHandler/FMLHANDSHAKE]: Sending ticking packet info 'Registry minecraft:enchantment' to 'fml:handshake' sequence 17
[28May2025 02:10:22.586] [Netty Server IO #5/DEBUG] [net.minecraftforge.network.LoginWrapper/FMLHANDSHAKE]: Recieved login wrapper packet event for channel fml:handshake with index 17
[28May2025 02:10:22.587] [Netty Server IO #5/DEBUG] [net.minecraftforge.network.HandshakeHandler/FMLHANDSHAKE]: Received client indexed reply 17 of type net.minecraftforge.network.HandshakeMessages$C2SAcknowledge
[28May2025 02:10:22.587] [Netty Server IO #5/DEBUG] [net.minecraftforge.network.HandshakeHandler/FMLHANDSHAKE]: Received acknowledgement from client
[28May2025 02:10:22.631] [Server thread/DEBUG] [net.minecraftforge.network.HandshakeHandler/FMLHANDSHAKE]: Sending ticking packet info 'Registry minecraft:fluid' to 'fml:handshake' sequence 18
[28May2025 02:10:22.637] [Netty Server IO #5/DEBUG] [net.minecraftforge.network.LoginWrapper/FMLHANDSHAKE]: Recieved login wrapper packet event for channel fml:handshake with index 18
[28May2025 02:10:22.638] [Netty Server IO #5/DEBUG] [net.minecraftforge.network.HandshakeHandler/FMLHANDSHAKE]: Received client indexed reply 18 of type net.minecraftforge.network.HandshakeMessages$C2SAcknowledge
[28May2025 02:10:22.638] [Netty Server IO #5/DEBUG] [net.minecraftforge.network.HandshakeHandler/FMLHANDSHAKE]: Received acknowledgement from client
[28May2025 02:10:22.682] [Server thread/DEBUG] [net.minecraftforge.network.HandshakeHandler/FMLHANDSHAKE]: Sending ticking packet info 'Registry minecraft:entity_type' to 'fml:handshake' sequence 19
[28May2025 02:10:22.724] [Netty Server IO #5/DEBUG] [net.minecraftforge.network.LoginWrapper/FMLHANDSHAKE]: Recieved login wrapper packet event for channel fml:handshake with index 19
[28May2025 02:10:22.725] [Netty Server IO #5/DEBUG] [net.minecraftforge.network.HandshakeHandler/FMLHANDSHAKE]: Received client indexed reply 19 of type net.minecraftforge.network.HandshakeMessages$C2SAcknowledge
[28May2025 02:10:22.725] [Netty Server IO #5/DEBUG] [net.minecraftforge.network.HandshakeHandler/FMLHANDSHAKE]: Received acknowledgement from client
[28May2025 02:10:22.728] [Server thread/DEBUG] [net.minecraftforge.network.HandshakeHandler/FMLHANDSHAKE]: Sending ticking packet info 'Config skinwalker_overhaul-server.toml' to 'fml:handshake' sequence 20
[28May2025 02:10:22.731] [Netty Server IO #5/DEBUG] [net.minecraftforge.network.LoginWrapper/FMLHANDSHAKE]: Recieved login wrapper packet event for channel fml:handshake with index 20
[28May2025 02:10:22.731] [Netty Server IO #5/DEBUG] [net.minecraftforge.network.HandshakeHandler/FMLHANDSHAKE]: Received client indexed reply 20 of type net.minecraftforge.network.HandshakeMessages$C2SAcknowledge
[28May2025 02:10:22.731] [Netty Server IO #5/DEBUG] [net.minecraftforge.network.HandshakeHandler/FMLHANDSHAKE]: Received acknowledgement from client
[28May2025 02:10:22.781] [Server thread/DEBUG] [net.minecraftforge.network.HandshakeHandler/FMLHANDSHAKE]: Sending ticking packet info 'Config cave_dweller-server.toml' to 'fml:handshake' sequence 21
[28May2025 02:10:22.784] [Netty Server IO #5/DEBUG] [net.minecraftforge.network.LoginWrapper/FMLHANDSHAKE]: Recieved login wrapper packet event for channel fml:handshake with index 21
[28May2025 02:10:22.784] [Netty Server IO #5/DEBUG] [net.minecraftforge.network.HandshakeHandler/FMLHANDSHAKE]: Received client indexed reply 21 of type net.minecraftforge.network.HandshakeMessages$C2SAcknowledge
[28May2025 02:10:22.784] [Netty Server IO #5/DEBUG] [net.minecraftforge.network.HandshakeHandler/FMLHANDSHAKE]: Received acknowledgement from client
[28May2025 02:10:22.832] [Server thread/DEBUG] [net.minecraftforge.network.HandshakeHandler/FMLHANDSHAKE]: Sending ticking packet info 'Config old_goatman-server.toml' to 'fml:handshake' sequence 22
[28May2025 02:10:22.835] [Netty Server IO #5/DEBUG] [net.minecraftforge.network.LoginWrapper/FMLHANDSHAKE]: Recieved login wrapper packet event for channel fml:handshake with index 22
[28May2025 02:10:22.835] [Netty Server IO #5/DEBUG] [net.minecraftforge.network.HandshakeHandler/FMLHANDSHAKE]: Received client indexed reply 22 of type net.minecraftforge.network.HandshakeMessages$C2SAcknowledge
[28May2025 02:10:22.835] [Netty Server IO #5/DEBUG] [net.minecraftforge.network.HandshakeHandler/FMLHANDSHAKE]: Received acknowledgement from client
[28May2025 02:10:22.881] [Server thread/DEBUG] [net.minecraftforge.network.HandshakeHandler/FMLHANDSHAKE]: Sending ticking packet info 'Config forge-server.toml' to 'fml:handshake' sequence 23
[28May2025 02:10:22.884] [Netty Server IO #5/DEBUG] [net.minecraftforge.network.LoginWrapper/FMLHANDSHAKE]: Recieved login wrapper packet event for channel fml:handshake with index 23
[28May2025 02:10:22.884] [Netty Server IO #5/DEBUG] [net.minecraftforge.network.HandshakeHandler/FMLHANDSHAKE]: Received client indexed reply 23 of type net.minecraftforge.network.HandshakeMessages$C2SAcknowledge
[28May2025 02:10:22.884] [Netty Server IO #5/DEBUG] [net.minecraftforge.network.HandshakeHandler/FMLHANDSHAKE]: Received acknowledgement from client
[28May2025 02:10:22.931] [Server thread/DEBUG] [net.minecraftforge.network.HandshakeHandler/FMLHANDSHAKE]: Handshake complete!
[28May2025 02:10:22.984] [Server thread/INFO] [net.minecraftforge.common.AdvancementLoadFix/]: Using new advancement loading for net.minecraft.server.PlayerAdvancements@13668cad
[28May2025 02:10:23.005] [Server thread/INFO] [net.minecraft.server.players.PlayerList/]: discoinferno_[/127.0.0.1:65455] logged in with entity id 1691 at (-193.69918992948897, 70.0, 295.61838768384524)
[28May2025 02:10:23.006] [Server thread/DEBUG] [net.minecraftforge.network.filters.NetworkFilters/]: Injected net.minecraftforge.network.filters.ForgeConnectionNetworkFilter@4bd0d5a3 into net.minecraft.network.Connection@59f9c42
[28May2025 02:10:23.006] [Server thread/DEBUG] [ModernFix/]: Sending ID correction packet to client with 66 classes
[28May2025 02:10:23.021] [Server thread/INFO] [net.minecraft.server.MinecraftServer/]: discoinferno_ joined the game
[28May2025 02:10:23.034] [Server thread/DEBUG] [voicechat/]: [voicechat] Setting default state of discoinferno_: {disabled=false, disconnected=true, uuid=4be5d073-d865-48dc-9c9a-f05c0a542a51, name=discoinferno_, group=null}
[28May2025 02:10:25.423] [Server thread/INFO] [voicechat/]: [voicechat] Received secret request of discoinferno_ (18)
[28May2025 02:10:25.423] [Server thread/DEBUG] [voicechat/]: [voicechat] Sending initial states to discoinferno_
[28May2025 02:10:25.424] [Server thread/DEBUG] [voicechat/]: [voicechat] Synchronizing 0 groups with discoinferno_
[28May2025 02:10:25.424] [Server thread/DEBUG] [voicechat/]: [voicechat] Synchronizing 0 volume categories with discoinferno_
[28May2025 02:10:25.424] [Server thread/INFO] [voicechat/]: [voicechat] Sent secret to discoinferno_
[28May2025 02:10:25.632] [VoiceChatPacketProcessingThread/INFO] [voicechat/]: [voicechat] Successfully authenticated player 4be5d073-d865-48dc-9c9a-f05c0a542a51
[28May2025 02:10:26.637] [VoiceChatPacketProcessingThread/INFO] [voicechat/]: [voicechat] Successfully validated connection of player 4be5d073-d865-48dc-9c9a-f05c0a542a51
[28May2025 02:10:26.637] [VoiceChatPacketProcessingThread/DEBUG] [voicechat/]: [voicechat] Set state of discoinferno_ to connected: {disabled=false, disconnected=false, uuid=4be5d073-d865-48dc-9c9a-f05c0a542a51, name=discoinferno_, group=null}
[28May2025 02:10:26.638] [VoiceChatPacketProcessingThread/INFO] [voicechat/]: [voicechat] Player discoinferno_ (4be5d073-d865-48dc-9c9a-f05c0a542a51) successfully connected to voice chat
[28May2025 02:10:26.641] [Server thread/DEBUG] [voicechat/]: [voicechat] Got state of discoinferno_: {disabled=true, disconnected=false, uuid=4be5d073-d865-48dc-9c9a-f05c0a542a51, name=discoinferno_, group=null}
[28May2025 02:12:35.337] [Server thread/DEBUG] [voicechat/]: [voicechat] Got state of discoinferno_: {disabled=false, disconnected=false, uuid=4be5d073-d865-48dc-9c9a-f05c0a542a51, name=discoinferno_, group=null}
[28May2025 02:12:47.904] [Server thread/INFO] [net.minecraft.server.MinecraftServer/]: You startled a Mimic Dweller!
[28May2025 02:13:00.119] [Server thread/DEBUG] [net.minecraftforge.common.ForgeHooks/WP]: Gathering id map for writing to world save world
[28May2025 02:13:00.124] [Server thread/DEBUG] [net.minecraftforge.common.ForgeHooks/WP]: ID Map collection complete world
[28May2025 02:13:11.384] [Server thread/INFO] [net.minecraft.server.MinecraftServer/]: [discoinferno_: The difficulty has been set to Normal]
[28May2025 02:13:27.242] [Server thread/INFO] [net.minecraft.server.MinecraftServer/]: [discoinferno_: Gave 1 [Iron Axe] to discoinferno_]
[28May2025 02:14:03.652] [Server thread/INFO] [net.minecraft.server.MinecraftServer/]: [discoinferno_: Set own game mode to Survival Mode]
[28May2025 02:14:08.404] [Server thread/INFO] [net.minecraft.server.MinecraftServer/]: discoinferno_ was slain by Mimic Dweller
[28May2025 02:14:11.774] [Server thread/INFO] [net.minecraft.server.MinecraftServer/]: [discoinferno_: Set own game mode to Creative Mode]
[28May2025 02:14:24.914] [Server thread/INFO] [net.minecraft.server.MinecraftServer/]: [discoinferno_: Gamerule keepInventory is now set to: true]
[28May2025 02:14:50.879] [Server thread/INFO] [net.minecraft.server.MinecraftServer/]: [discoinferno_: Summoned new Area Effect Cloud]
[28May2025 02:15:46.413] [Server thread/INFO] [net.minecraft.server.MinecraftServer/]: [discoinferno_: Summoned new Skinstealer]
[28May2025 02:15:50.167] [Server thread/INFO] [net.minecraft.server.MinecraftServer/]: [discoinferno_: Set own game mode to Survival Mode]
[28May2025 02:15:57.158] [Server thread/INFO] [net.minecraft.server.MinecraftServer/]: discoinferno_ was slain by Skinstealer
[28May2025 02:16:02.676] [Server thread/INFO] [net.minecraft.server.MinecraftServer/]: [discoinferno_: Set own game mode to Creative Mode]
[28May2025 02:17:00.156] [Server thread/INFO] [net.minecraft.server.network.ServerGamePacketListenerImpl/]: discoinferno_ lost connection: Disconnected
[28May2025 02:17:00.157] [Server thread/INFO] [net.minecraft.server.MinecraftServer/]: discoinferno_ left the game
[28May2025 02:17:00.158] [Server thread/DEBUG] [voicechat/]: [voicechat] Removing state of discoinferno_
[28May2025 02:17:00.158] [Server thread/INFO] [voicechat/]: [voicechat] Disconnecting client discoinferno_
[28May2025 02:17:11.651] [Server thread/INFO] [net.minecraft.server.MinecraftServer/]: Stopping the server
[28May2025 02:17:11.701] [Server thread/INFO] [net.minecraft.server.MinecraftServer/]: Stopping server
[28May2025 02:17:11.703] [Server thread/INFO] [net.minecraft.server.MinecraftServer/]: Saving players
[28May2025 02:17:11.703] [Server thread/INFO] [net.minecraft.server.MinecraftServer/]: Saving worlds
[28May2025 02:17:11.834] [Server thread/INFO] [net.minecraft.server.MinecraftServer/]: Saving chunks for level 'ServerLevel[world]'/minecraft:overworld
[28May2025 02:17:11.993] [Server thread/INFO] [net.minecraft.server.MinecraftServer/]: Saving chunks for level 'ServerLevel[world]'/minecraft:the_end
[28May2025 02:17:11.993] [Server thread/INFO] [net.minecraft.server.MinecraftServer/]: Saving chunks for level 'ServerLevel[world]'/minecraft:the_nether
[28May2025 02:17:11.994] [Server thread/DEBUG] [net.minecraftforge.common.ForgeHooks/WP]: Gathering id map for writing to world save world
[28May2025 02:17:11.995] [Server thread/DEBUG] [net.minecraftforge.common.ForgeHooks/WP]: ID Map collection complete world
[28May2025 02:17:11.998] [Server thread/INFO] [net.minecraft.server.MinecraftServer/]: ThreadedAnvilChunkStorage (world): All chunks are saved
[28May2025 02:17:11.999] [Server thread/INFO] [net.minecraft.server.MinecraftServer/]: ThreadedAnvilChunkStorage (DIM1): All chunks are saved
[28May2025 02:17:11.999] [Server thread/INFO] [net.minecraft.server.MinecraftServer/]: ThreadedAnvilChunkStorage (DIM-1): All chunks are saved
[28May2025 02:17:11.999] [Server thread/INFO] [net.minecraft.server.MinecraftServer/]: ThreadedAnvilChunkStorage: All dimensions are saved
[28May2025 02:17:12.053] [Server thread/DEBUG] [net.minecraftforge.fml.loading.FileUtils/CORE]: Found existing serverconfig directory : ./world/serverconfig
[28May2025 02:17:12.053] [Server thread/DEBUG] [net.minecraftforge.fml.config.ConfigTracker/CONFIG]: Unloading configs type SERVER
